table_name,column_name,is_primary_key,ordinal_position
ABN_DOCUMENT_ID,PAT_ENC_CSN_ID,Y,1
ABN_DOCUMENT_ID,ABN_DOCUMENT_ID,Y,5
ABN_FOLLOW_UP,NOTE_CSN_ID,Y,1
ABN_FOLLOW_UP,NOTE_ID,Y,2
ABN_FOLLOW_UP,ABN_FLUP_USER_ID,Y,6
ABN_MEDICATIONS,NOTE_ID,Y,1
ABN_NOTES,ABN_NOTE_ID,Y,1
ABN_NOTES,USER_ID,Y,3
ABN_NOTES,INITIAL_USER_ID,Y,6
ABN_NOTES,ABN_PLAN_ID,Y,16
ABN_NOTES,REPLACED_ABN_ID,Y,18
ABN_NOTE_COMMENTS,NOTE_CSN_ID,Y,1
ABN_NOTE_COMMENTS,NOTE_ID,Y,3
ABN_NOTE_CONTACT_SERVICE,NOTE_ID,Y,1
ABN_NOTE_PROC,NOTE_ID,Y,1
ABN_ORDERS,ABN_NOTE_ID,Y,1
ABN_ORDERS,ORDER_ID,Y,3
ABN_ORDER_INFO,NOTE_ID,Y,1
ABN_PLAN_INFO,NOTE_ID,Y,1
ABN_PLAN_INFO,ABN_OTP_ID,Y,3
ABN_SERVICE_INFO,NOTE_ID,Y,1
ACCCATH3_MED_DISCH,REGISTRY_DATA_ID,Y,1
ACCESSIBLE_DOCUMENTS_PREF,PAT_ID,Y,1
ACCESSIBLE_SERVICES,PAT_ID,Y,1
ACCOUNT,ACCOUNT_ID,Y,1
ACCOUNT,REFERRING_PROV_ID,Y,13
ACCOUNT,COLLECTOR_USER_ID,Y,31
ACCOUNT,EPIC_ACCT_ID,Y,33
ACCOUNT,SBO_HSP_ACCOUNT_ID,Y,53
ACCOUNT,OLD_REHOMED_ID,Y,57
ACCOUNT,PAT_REC_OF_GUAR_ID,Y,59
ACCOUNT,LAST_VERIF_USER_ID,Y,94
ACCOUNT,GUAR_VERIF_ID,Y,98
ACCOUNT_2,ACCT_ID,Y,1
ACCOUNT_2,GUAR_SYNC_OWNER_ID,Y,10
ACCOUNT_2,USER_CVG_LST_VER_ID,Y,13
ACCOUNT_2,MYPT_ID,Y,46
ACCOUNT_2,ADDR_CHG_USER_ID,Y,59
ACCOUNT_2,PREFERENCE_ID,Y,63
ACCOUNT_2,PMT_PLAN_AUTOPAY_CARD_ID,Y,66
ACCOUNT_2,PB_PP_AUTOPAY_SCHED_PMT_ID,Y,67
ACCOUNT_3,ACCOUNT_ID,Y,1
ACCOUNT_3,EB_PMT_PLAN_SCHED_PMT_ID,Y,30
ACCOUNT_3,PB_PMT_PLAN_SCHED_PMT_ID,Y,31
ACCOUNT_CONS_SP_SA_BILL,ACCT_ID,Y,1
ACCOUNT_CONS_SP_SA_BILL,CONS_SP_ACCT_ID,Y,13
ACCOUNT_CONTACT,ACCOUNT_ID,Y,1
ACCOUNT_CONTACT,USER_ID,Y,4
ACCOUNT_CONTACT,REFUND_REQ_ID,Y,9
ACCOUNT_CONTACT,NOTE_ID,Y,18
ACCOUNT_CONTACT,FOL_UP_HX_CRM_ID,Y,19
ACCOUNT_CONTACT_2,ACCT_ID,Y,1
ACCOUNT_CONTACT_2,FOL_UP_MYC_USER_ID,Y,3
ACCOUNT_CREATION,ACCT_ID,Y,1
ACCOUNT_DISCON_CVG,ACCOUNT_ID,Y,1
ACCOUNT_DISCON_CVG,COVERAGE_ID,Y,3
ACCOUNT_FPL_INFO,ACCOUNT_ID,Y,1
ACCOUNT_FPL_INFO,FPL_ENTRY_USER_ID,Y,12
ACCOUNT_MYC_GP_FAILED_LOG,ACCT_ID,Y,1
ACCOUNT_RQG_GROUPERS,ACCOUNT_ID,Y,1
ACCOUNT_RQG_GROUPERS,RQG_GROUPER_ID,Y,3
ACCOUNT_STATUS,ACCOUNT_ID,Y,1
ACCOUNT_VIS_ACT_HX,ACCT_ID,Y,1
ACCOUNT_VIS_ACT_HX,VIS_ACT_CVG_ID,Y,6
ACCOUNT_VIS_ACT_HX,VIS_ACT_USER_ID,Y,8
ACCT_ADDL_FPL_INFO,ACCT_ID,Y,1
ACCT_ADDR,ACCOUNT_ID,Y,1
ACCT_COLL_AGENCY_HX,ACCOUNT_ID,Y,1
ACCT_COLL_AGENCY_HX,AGENCY_ID,Y,3
ACCT_COVERAGE,ACCOUNT_ID,Y,1
ACCT_COVERAGE,COVERAGE_ID,Y,3
ACCT_EB_LTFEE_HIST,ACCT_ID,Y,1
ACCT_EB_STMT_HIST,ACCOUNT_ID,Y,1
ACCT_EB_STMT_HIST,PRINT_RECORD_ID,Y,5
ACCT_EB_STMT_RSN,ACCT_ID,Y,1
ACCT_GUAR_GROUPER,ACCT_ID,Y,1
ACCT_GUAR_GROUPER,GROUPER_ID,Y,3
ACCT_GUAR_PAT_INFO,ACCOUNT_ID,Y,1
ACCT_GUAR_PAT_INFO,PAT_ID,Y,3
ACCT_HB_BNOTE,ACCT_ID,Y,1
ACCT_HB_STMT_RSN,ACCT_ID,Y,1
ACCT_HOME_PHONE_HX,ACCOUNT_ID,Y,1
ACCT_LTF_ETR_LIST,ACCT_ID,Y,1
ACCT_LTF_HAR_LIST,ACCT_ID,Y,1
ACCT_NOTEPAD,NOTE_ID,Y,1
ACCT_PB_BILL_NOTE,ACCT_ID,Y,1
ACCT_PB_STMT_RSN,ACCT_ID,Y,1
ACCT_PP_BSP_LIST_REPL,ACCT_ID,Y,1
ACCT_PP_BSP_LIST_REPL,HB_PP_SCHED_PMT_ID,Y,4
ACCT_PP_HAR_LIST_REPL,ACCT_ID,Y,1
ACCT_TX,ACCOUNT_ID,Y,1
ACCT_TX,TX_ID,Y,3
ACCT_WORK_PHONE_HX,ACCOUNT_ID,Y,1
ACCUM_GENERAL,ACCUMULATION_ID,Y,1
ACCUM_GENERAL,ACCUM_PAT_ID,Y,2
ACCUM_GENERAL,ACCUM_USER_ID,Y,5
ACCUM_GENERAL,ACCUM_SRC_CLAIM_ID,Y,10
ACCUM_GENERAL,ACCUM_SRC_TX_ID,Y,11
ACCUM_GENERAL,REVERSAL_OF_ACC_ID,Y,12
ACCUM_GRP_GENERAL,ACCUM_GRP_ID,Y,1
ACCUM_GRP_GENERAL,BUCKET_ID,Y,2
ACCUM_GRP_GENERAL,RECENT_ACC_ID,Y,5
ACCUM_GRP_GENERAL,PLAN_GRP_ID,Y,7
ACCUM_GRP_GENERAL,PAT_ID,Y,9
ACCUM_GRP_GENERAL,EX_ACC_ID,Y,10
ACCUM_GRP_SVC_DATE,ACCUM_GRP_ID,Y,1
ACCUM_INSTANCES,ACCUMULATION_ID,Y,1
ACCUM_INSTANCES,ACCUM_GROUP_ID,Y,3
ACCUM_INSTANCES,ACCUM_PREV_ACC_ID,Y,4
ACIB_MISC_HD_INF,MSG_ID,Y,1
ACTIONABLE_FINDING_CANCER,ORDER_ID,Y,1
ACTIVE_ASYNC_BPAS,PAT_ENC_CSN_ID,Y,1
ACT_ORD_TRANS,ORDER_ID,Y,1
ACT_ORD_TRANS,ACT_ORD_TRAN_USR_ID,Y,3
ACUITY_CONFIG,ACUITY_SYSTEM_ID,Y,1
ACUITY_RULE_SCORE,REGISTRY_DATA_ID,Y,1
ACUITY_RULE_SCORE,RULE_ID,Y,4
ACUITY_SCORE_SPECIFIC,REGISTRY_DATA_ID,Y,1
ACUITY_SCORE_SPECIFIC,ACUITY_SYSTEM_CSN_ID,Y,7
ADDENDUM_VERSIONS,ORDER_ID,Y,1
ADDITIONAL_EM_CODE,PAT_ENC_CSN_ID,Y,1
ADDITIONAL_EM_CODE,EM_CODE_MOD_ID,Y,4
ADDL_PATH_FINDINGS,RESULT_ID,Y,1
ADDL_PAT_FND_AF,RESULT_ID,Y,1
ADDL_PREP_STAFF,IMPLANT_ID,Y,1
ADDR_HX,PAT_ID,Y,1
ADDR_HX_DESC,PAT_ID,Y,1
ADDR_HX_STREET,PAT_ID,Y,1
ADD_PATH_ENDOMET,RESULT_ID,Y,1
ADD_PATH_GASTRITIS,RESULT_ID,Y,1
ADD_PATH_PARATHYRO,RESULT_ID,Y,1
ADD_PATH_THYROID,RESULT_ID,Y,1
ADJCNT_OGN_IVLV_2,RESULT_ID,Y,1
ADJCNT_ORGAN_IVLV,RESULT_ID,Y,1
ADJUDICATION_BENEFITS,TX_ID,Y,1
ADJUDICATION_BENEFITS,LIMIT_VARIABLE_ID,Y,4
ADJUDICATION_BENEFITS,PAYMENT_VARIABLE_ID,Y,9
ADMISSION_COMMENTS,PAT_ENC_CSN_ID,Y,1
ADMISSION_COMMENTS,PAT_ID,Y,3
ADM_EXPECT_DATES,PAT_ENC_CSN_ID,Y,1
ADM_EXPECT_DATES,PAT_ID,Y,3
ADM_PATT_INFO,PATTERN_ID,Y,1
ADP_INFO,APPL_DATA_PROF_ID,Y,1
ADRENAL_GLAND_BIOP,RESULT_ID,Y,1
ADT_DISCON_ERROR_MESSAGES,ORDER_ID,Y,1
ADT_ORDERS_ERROR_MESSAGES,ORDER_ID,Y,1
ADT_ORDER_INFORMATION,ORDER_ID,Y,1
ADT_SPLIT_ACCT_INTERP_HX,EVENT_ID,Y,1
ADT_SPLIT_ACCT_INTERP_HX,PREVIOUS_ENC_EVENT_ID,Y,17
ADT_SPLIT_ACCT_INTERP_HX,SPLIT_ACCT_HSP_ACCOUNT_ID,Y,18
ADVERSE_EVENT_ACT_TAKEN,ADVERSE_EVENT_ID,Y,1
ADVERSE_EVENT_GRADE,ADVERSE_EVENT_ID,Y,1
ADVERSE_EVENT_HISTORY,ADVERSE_EVENT_ID,Y,1
ADVERSE_EVENT_HISTORY,EDIT_USER_ID,Y,4
ADVERSE_EVENT_INFO,ADVERSE_EVENT_ID,Y,1
ADVERSE_EVENT_INFO,NOTE_ID,Y,8
ADVERSE_EVENT_INFO,ENROLL_ID,Y,11
ADVERSE_EVENT_MED_ATTR,ADVERSE_EVENT_ID,Y,1
ADVERSE_EVENT_OUTCOMES,ADVERSE_EVENT_ID,Y,1
ADVERSE_EVENT_REVIEW_INFO,ENROLL_ID,Y,1
ADVERSE_EVENT_REVIEW_INFO,AE_REVIEW_HX_USER_ID,Y,4
ADV_ACTIVITY_DATA,ADV_ACTIVITY_ID,Y,1
ADV_EVT_ACTIONS_TAKEN_HX,ADVERSE_EVENT_ID,Y,1
ADV_EVT_GRADE_HISTORY,ADVERSE_EVENT_ID,Y,1
ADV_EVT_GRADE_START_HX,ADVERSE_EVENT_ID,Y,1
ADV_EVT_MED_ATTR_HISTORY,ADVERSE_EVENT_ID,Y,1
ADV_EVT_MED_HISTORY,ADVERSE_EVENT_ID,Y,1
ADV_EVT_OUTCOME_HISTORY,ADVERSE_EVENT_ID,Y,1
ADV_EVT_PROC_ATTR,ADVERSE_EVENT_ID,Y,1
ADV_EVT_PROC_ATTR_HISTORY,ADVERSE_EVENT_ID,Y,1
ADV_EVT_PROC_HISTORY,ADVERSE_EVENT_ID,Y,1
ADV_EVT_SUPPLY_ATTR,ADVERSE_EVENT_ID,Y,1
ADV_EVT_SUPPLY_ATTR,ITEM_ID,Y,3
ADV_EVT_SUPPLY_ATTR_HX,ADVERSE_EVENT_ID,Y,1
ADV_EVT_SUPPLY_HISTORY,ADVERSE_EVENT_ID,Y,1
ADV_EVT_SUPPLY_HISTORY,HX_ITEM_ID,Y,4
AI_INTRCT_CONTACT_INFO,AI_INTRCT_ID,Y,1
AI_INTRCT_CONTACT_INFO,AI_INTRCT_CSN_ID,Y,3
AI_INTRCT_DOCS,AI_INTRCT_ID,Y,1
AI_INTRCT_DOCS,DOCUMENT_ID,Y,3
AI_INTRCT_INFO,AI_INTRCT_ID,Y,1
AI_INTRCT_INFO,USER_ID,Y,2
AI_INTRCT_INFO,PAT_ENC_CSN_ID,Y,6
AI_INTRCT_INFO,PAT_ID,Y,7
AI_INTRCT_INFO,MSG_ID,Y,8
AI_INTRCT_OBSERVATION,AI_INTRCT_ID,Y,1
AI_INTRCT_REASON,AI_INTRCT_ID,Y,1
ALERT,ALT_ID,Y,1
ALERT,PAT_ID,Y,3
ALERT,PUMP_ID,Y,5
ALERT,NBA_GUARANTOR_ACCT_ID,Y,10
ALERT,NBA_PROSPECT_RECORD_ID,Y,11
ALERT,HM_TOPIC_ID,Y,15
ALERT_ACTION,ALERT_ID,Y,1
ALERT_ACTION,ALT_CSN_ID,Y,5
ALERT_ACTION_DB_KEY,ALERT_ID,Y,1
ALERT_ACTION_DB_VAL,ALERT_ID,Y,1
ALERT_CRITERIA,ALERT_ID,Y,1
ALERT_CRITERIA,ALT_CSN_ID,Y,5
ALERT_CRITERIA_DB_KEY,ALERT_ID,Y,1
ALERT_CRITERIA_DB_VAL,ALERT_ID,Y,1
ALERT_GENOMIC_INDICATORS,ALERT_ID,Y,1
ALERT_GENOMIC_INDICATORS,GEN_INDICATOR_ID,Y,5
ALERT_SPECIMEN_ID,ALERT_ID,Y,1
ALERT_SPECIMEN_ID,SPECIMEN_ID,Y,3
ALLERGY,ALLERGY_ID,Y,1
ALLERGY,ALLERGEN_ID,Y,2
ALLERGY,ENTRY_USER_ID,Y,6
ALLERGY_FLAG,PAT_ID,Y,1
ALLERGY_FLAG,ALRGY_FLG_UPD_BY_ID,Y,4
ALLERGY_REACTIONS,ALLERGY_ID,Y,1
ALLOWED_TLH_MODES_LIST,PAT_ENC_CSN_ID,Y,1
ALLOWED_TLH_MODES_LIST,PAT_ID,Y,3
ALLOWED_TLH_MODES_LIST,CM_CT_OWNER_ID,Y,5
ALL_EPISODE_CSN_LINKS,EPISODE_ID,Y,1
ALL_EPISODE_CSN_LINKS,TREATMENT_PLAN_ID,Y,3
ALL_EPISODE_CSN_LINKS,TREATMENT_PLAN_CSN_ID,Y,4
ALTERNATIVES,ALTERNATIVE_ID,Y,1
ALTERNATIVE_MEDS,PAT_ENC_CSN_ID,Y,1
ALTERNATIVE_MEDS,CM_CT_OWNER_ID,Y,5
ALTERNATIVE_MEDS,ALT_MED_USER_ID,Y,8
ALTERNATIVE_MEDS,ALT_MED_FREQ_ID,Y,20
ALTERNATIVE_MEDS,ALT_MEDICATIONS_LMA_ID,Y,25
ALTERNATIVE_PROCS,PAT_ENC_CSN_ID,Y,1
ALTERNATIVE_PROCS,CM_CT_OWNER_ID,Y,5
ALTERNATIVE_PROCS,ALT_PROC_LMA_ID,Y,6
ALTERNATIVE_PROCS,ALT_PROC_USER_ID,Y,10
ALTERNATIVE_PROCS,ALT_PROC_FREQ_ID,Y,19
ALT_ALLERGY_REACT,ALT_ID,Y,1
ALT_ALLERGY_REACT,ALT_CSN_ID,Y,6
ALT_BILL_ADDR,ACCT_ID,Y,1
ALT_BPA_CHAIN_ID,ALERT_ID,Y,1
ALT_BPA_CHAIN_ID,ALT_CHAIN_ID,Y,4
ALT_CLINIC_EFFECT,ALT_ID,Y,1
ALT_CLINIC_EFFECT,ALT_CSN_ID,Y,6
ALT_DRUG_DOSE_RSN,ALT_CSN_ID,Y,1
ALT_DRUG_DOSE_RSN,ALT_ID,Y,4
ALT_DRUG_DOSE_SIM_ORD,ALERT_ID,Y,1
ALT_DUPLICATE_LDA_CONTENT,ALERT_ID,Y,1
ALT_DUPLICATE_LDA_CONTENT,ALT_CSN_ID,Y,5
ALT_DUPLICATE_LDA_INFO,ALERT_ID,Y,1
ALT_DUPLICATE_LDA_INFO,ALT_CSN_ID,Y,4
ALT_DUP_SH_PROC,ALERT_ID,Y,1
ALT_DUP_SH_PROC,ALERT_CSN_ID,Y,5
ALT_HISTORY,ALT_ID,Y,1
ALT_HISTORY,ALT_CSN_ID,Y,3
ALT_HISTORY,USER_ID,Y,6
ALT_HISTORY,IMMUNIZATION_LPL_ID,Y,13
ALT_HISTORY,ALERT_ALLERGEN_ID,Y,27
ALT_HISTORY,ALERT_ROOT_ALLER_ID,Y,30
ALT_HISTORY,ALERT_MED_CLASS_ID,Y,32
ALT_HISTORY,ALERT_ALLERGY_ID,Y,35
ALT_HISTORY_2,ALT_ID,Y,1
ALT_HISTORY_2,ALT_CSN_ID,Y,2
ALT_HISTORY_2,NBA_USER_ID,Y,10
ALT_HISTORY_2,NBA_COMM_ID,Y,17
ALT_HISTORY_2,MYC_TICKLER_AUDIT_CSN_ID,Y,20
ALT_HISTORY_3,ALT_ID,Y,1
ALT_HISTORY_3,ALT_CSN_ID,Y,4
ALT_ORDINFO,ALT_CSN_ID,Y,1
ALT_ORDINFO,ORDER_ID,Y,2
ALT_ORDINFO,ALT_ID,Y,7
ALT_ORD_PROV_ADDR,PAT_ENC_CSN_ID,Y,1
ALT_ORD_PROV_ADDR,PAT_ID,Y,3
ALT_ORD_PROV_CMTS,PAT_ENC_CSN_ID,Y,1
ALT_ORD_PROV_CMTS,PAT_ID,Y,3
ALT_ORD_PROV_MEDLC,PAT_ENC_CSN_ID,Y,1
ALT_ORD_PROV_MEDLC,PAT_ID,Y,3
ALT_ORD_PROV_SINGL,PAT_ENC_CSN_ID,Y,1
ALT_ORD_PROV_SINGL,PAT_ID,Y,2
ALT_ORD_PROV_SINGL,ALT_ORD_PRV_TAX_ID,Y,10
ALT_ORD_VALID_SOURCES,ALERT_ID,Y,1
ALT_ORD_VALID_SOURCES,ALT_CSN_ID,Y,5
ALT_PRC_DIAGNOSES,ALERT_ID,Y,1
ALT_PYR_SVC_TYP_C,REFERRAL_ID,Y,1
AMBU_DROP_ADDR,CLAIM_ID,Y,1
AMBU_PICK_ADDR,CLAIM_ID,Y,1
AMB_COND_CD,RECORD_ID,Y,1
AMB_YN_COND_CD,RECORD_ID,Y,1
AMPULLA_OF_VATER,RESULT_ID,Y,1
ANATOMY_NOADD,FINDING_ID,Y,1
ANATOMY_NOADD,ANATOMY_TEMPL_ID,Y,4
ANCILLARY_STUDIES,RESULT_ID,Y,1
ANESTH_SUP_PROC,TX_ID,Y,1
ANTICOAG_AUDIT,PAT_ENC_CSN_ID,Y,1
ANTICOAG_AUDIT,PAT_ID,Y,3
ANTICOAG_AUDIT,CM_CT_OWNER_ID,Y,5
ANTICOAG_AUDIT,ANTICOAG_AUDIT_USER_ID,Y,6
ANTICOAG_ENC_PAUSE_DATES,PAT_ENC_CSN_ID,Y,1
ANTICOAG_ENC_PAUSE_DATES,PAT_ID,Y,3
ANTICOAG_ENC_PAUSE_DATES,CM_CT_OWNER_ID,Y,5
ANTICOAG_SELF_REGULATING,PAT_ID,Y,1
ANTICOAG_TABS,PAT_ID,Y,1
ANTICOAG_TRTMNT_DX,PROBLEM_LIST_ID,Y,1
ANUS_ABDOMIN_RESEC,RESULT_ID,Y,1
ANUS_EXCISION_BIOP,RESULT_ID,Y,1
AN_DELETION_AUDIT,SUMMARY_BLOCK_ID,Y,1
AN_DELETION_AUDIT,DELETION_USER_ID,Y,3
AN_HGM_RECORD_INFO,RECORD_ID,Y,1
AN_HSB_CONTEXTS,SUMMARY_BLOCK_ID,Y,1
AN_HSB_CONTEXTS,RECORD_AUDIT_USER_ID,Y,4
AN_HSB_LINK_AUDIT,SUMMARY_BLOCK_ID,Y,1
AN_HSB_LINK_AUDIT,AN_AUDIT_USER_ID,Y,6
AN_HSB_LINK_INFO,SUMMARY_BLOCK_ID,Y,1
AN_HSB_LINK_INFO,AN_52_ENC_CSN_ID,Y,22
AN_HSB_LINK_INFO,AN_BILLING_CSN_ID,Y,24
AN_HSB_LINK_INFO,AN_PRIMARY_NOTE_ID,Y,27
AN_HSB_LINK_PROCS,SUMMARY_BLOCK_ID,Y,1
AN_HSB_SIGNOFF,SUMMARY_BLOCK_ID,Y,1
AN_HSB_SIGNOFF,ANES_SIGNOFF_USR_ID,Y,3
AN_IO_MARK_AS_FINAL,SUMMARY_BLOCK_ID,Y,1
AN_IO_MARK_AS_FINAL,AN_IO_FIN_USER_ID,Y,4
AN_PAT_MU_PROV,PAT_ENC_CSN_ID,Y,1
AN_PAT_MU_PROV,CM_CT_OWNER_ID,Y,5
AN_RELINK_INFO,PAT_ENC_CSN_ID,Y,1
AN_RELINK_INFO,CM_CT_OWNER_ID,Y,4
AN_RELINK_INFO,AN_RELINKRESCHED_ID,Y,5
AN_STAFF,SUMMARY_BLOCK_ID,Y,1
AN_STAFF,AN_EDIT_USER_ID,Y,9
AN_STAFF_AUDIT,SUMMARY_BLOCK_ID,Y,1
AN_STAFF_AUDIT,AN_EDIT_USER_ID,Y,7
AN_WS_LINK_AUDIT,SUMMARY_BLOCK_ID,Y,1
APB_BANK,BANK_ID,Y,1
APPEAL_GRV,APPEAL_GRV_ID,Y,1
APPEAL_GRV,CM_PHY_OWNER_ID,Y,2
APPEAL_GRV,CM_LOG_OWNER_ID,Y,3
APPEAL_GRV,PAT_ID,Y,13
APPEAL_GRV,SUBJECT_AUTH_REQUEST_ID,Y,15
APPEAL_GRV,SUBJECT_CLAIM_ID,Y,16
APPEAL_GRV,RESULT_AUTH_REQUEST_ID,Y,17
APPEAL_GRV,RESULT_CLAIM_ID,Y,18
APPEAL_GRV,RECORD_CREATE_USER_ID,Y,20
APPEAL_GRV,DECISION_USER_ID,Y,25
APPEAL_GRV,SUBJECT_APPEAL_APPEAL_GRV_ID,Y,68
APPEAL_GRV,SUBJECT_GRIEVANC_APPEAL_GRV_ID,Y,69
APPEAL_GRV,SUBJECT_EMPLOYEE_USER_ID,Y,72
APPEAL_GRV,SUBJECT_COVERAGE_ID,Y,80
APPEAL_GRV,DECISION_OVR_USER_ID,Y,84
APPEAL_GRV,DECISION_RPT_USER_ID,Y,86
APPEAL_GRV,REVIEW_AGENCY_ID,Y,91
APPEAL_GRV,COVERAGE_ID,Y,95
APPEAL_GRV,LOB_ID,Y,98
APPEAL_GRV_2,APPEAL_GRV_ID,Y,1
APPEAL_GRV_2,PAT_ENC_CSN_ID,Y,15
APPEAL_GRV_APPEAL_REASONS,APPEAL_GRV_ID,Y,1
APPEAL_GRV_AUDIT_TRAIL,APPEAL_GRV_ID,Y,1
APPEAL_GRV_AUDIT_TRAIL,DOCUMENT_ID,Y,4
APPEAL_GRV_LATE_FILE_RSNS,APPEAL_GRV_ID,Y,1
APPEAL_GRV_LETTER,APPEAL_GRV_ID,Y,1
APPEAL_GRV_LETTER,CM_PHY_OWNER_ID,Y,3
APPEAL_GRV_LETTER,LETTER_SENT_DOCUMENT_ID,Y,4
APPEAL_GRV_LETTER,RECIPIENT_CLASS_EVENT_ID,Y,8
APPEAL_GRV_LETTER,RESOLVED_RECIPIENT_ID,Y,12
APPEAL_GRV_LETTER,BODY_SMARTTEXT_ID,Y,17
APPEAL_GRV_LETTER,COVER_SMARTTEXT_ID,Y,19
APPEAL_GRV_LETTER,BACK_SMARTTEXT_ID,Y,21
APPEAL_GRV_LETTER,RESOLVED_IB_POOL_ID,Y,23
APPEAL_GRV_LETTER,RESOLVED_PROV_ADDR_UNIQUE_ID,Y,25
APPEAL_GRV_LETTER_ADDRESS,APPEAL_GRV_ID,Y,1
APPEAL_GRV_LETTER_GEN_HX,APPEAL_GRV_ID,Y,1
APPEAL_GRV_LETTER_GEN_HX,CM_PHY_OWNER_ID,Y,3
APPEAL_GRV_LETTER_GEN_HX,HISTORY_KEY,Y,4
APPEAL_GRV_LETTER_GEN_HX,COMMITTING_USER_ID,Y,8
APPEAL_GRV_MAX_EXTENSION,APPEAL_GRV_ID,Y,1
APPEAL_GRV_NOTIF_TAT,APPEAL_GRV_ID,Y,1
APPEAL_GRV_NOTIF_TAT,NOTIF_TAT_RECIP_CLASS_ID,Y,5
APPEAL_GRV_NOTIF_TAT,NOTIF_CALL_COMM_ID,Y,11
APPEAL_GRV_OUTCOMES,APPEAL_GRV_ID,Y,1
APPEAL_GRV_REC_STAT_HX,APPEAL_GRV_ID,Y,1
APPEAL_GRV_REC_STAT_HX,CM_PHY_OWNER_ID,Y,3
APPEAL_GRV_REC_STAT_HX,SDFL_EDIT_USER_ID,Y,5
APPEAL_GRV_REQ_ATTACHMENT,APPEAL_GRV_ID,Y,1
APPEAL_GRV_ROOT_CAUSES,APPEAL_GRV_ID,Y,1
APPEAL_GRV_TAT_MILESTONES,APPEAL_GRV_ID,Y,1
APPEAL_INST_TXT,REFERRAL_ID,Y,1
APPENDIX_RESECTION,RESULT_ID,Y,1
APPT_CSN_COUNTS,AUTH_ID,Y,1
APPT_LETTER_RECIPIENTS,PAT_ENC_CSN_ID,Y,1
APPT_LETTER_RECIPIENTS,CM_CT_OWNER_ID,Y,5
APPT_LETTER_RECIPIENTS,PAT_RELATIONSHIP_ID,Y,6
APPT_REQUEST,REQUEST_ID,Y,1
APPT_REQUEST,REQ_FIN_OUTPUT_ID,Y,4
APPT_REQUEST,LINKED_SERIES_CSN_ID,Y,7
APPT_REQUEST,PRIM_KEYWORD_GROUPER_ID_GROUPER_NAME,Y,12
APPT_SELF_CHECKIN_INFO,PAT_ENC_CSN_ID,Y,1
APPT_TKT_ID,MESSAGE_ID,Y,1
APPT_TKT_ID,TKT_ID_FOR_APPT_ID,Y,3
APP_RECEIPT_STATUS_AUDIT,ORDER_ID,Y,1
APP_RECEIPT_STATUS_AUDIT,APP_RECPT_USER_ID,Y,4
APS_PAYOR_SHEET,PAYOR_SHEET_ID,Y,1
AP_CHECK_ACCT,ACCT_ID,Y,1
AP_CLAIM,CLAIM_ID,Y,1
AP_CLAIM,COVERAGE_ID,Y,14
AP_CLAIM,EXTERNAL_CLAIM_ID,Y,20
AP_CLAIM,NETWORK_ID,Y,22
AP_CLAIM,ORIG_REV_CLM_ID,Y,36
AP_CLAIM,ADJST_CLM_ID,Y,37
AP_CLAIM,ORIG_ADJST_CLM_ID,Y,38
AP_CLAIM,RKP_ID,Y,50
AP_CLAIM,CLM_LOB_ID,Y,52
AP_CLAIM,DRG_ID,Y,61
AP_CLAIM,RTF_EOB_NOTE_ID,Y,77
AP_CLAIM,INFO_CVG_ID,Y,78
AP_CLAIM,CL_DEN_PEND_EXAM_ID,Y,83
AP_CLAIM,VOID_EXAMINER_ID,Y,86
AP_CLAIM,MEM_PRIMARY_NET_ID,Y,100
AP_CLAIM,INBASKET_MESSAGE_ID,Y,103
AP_CLAIM,CLM_REPRICER_ID,Y,107
AP_CLAIM,ADJUSTMENT_USER_ID,Y,116
AP_CLAIM,PLAN_GROUP_ID,Y,131
AP_CLAIMS_BUNDLE_LEDGER,EPISODE_ID,Y,1
AP_CLAIMS_BUNDLE_LEDGER,BND_SOURCE_TX_ID,Y,7
AP_CLAIM_2,CLAIM_ID,Y,1
AP_CLAIM_2,PMT_INFO_GRPR_ID,Y,10
AP_CLAIM_2,PMT_INFO_RULE_ID,Y,12
AP_CLAIM_2,PMT_INFO_SPLIT_ID,Y,14
AP_CLAIM_2,CASE_MGMT_CREAT_ID,Y,17
AP_CLAIM_2,TP_INFO_837_SEND_ID,Y,31
AP_CLAIM_2,TP_INFO_837_RCVR_ID,Y,33
AP_CLAIM_2,ORIG_ACT_ADJ_CLM_ID,Y,48
AP_CLAIM_3,CLAIM_ID,Y,1
AP_CLAIM_3,DRG_ID_TYPE_ID,Y,14
AP_CLAIM_3,PERM_ORIG_OF_REV_CLAIM_ID,Y,16
AP_CLAIM_3,PERM_ORIG_OF_CORR_CLAIM_ID,Y,17
AP_CLAIM_3,PERM_ORIG_OF_ADJST_CLAIM_ID,Y,18
AP_CLAIM_3,MOST_RECENT_INCOMING_CEV_ID,Y,45
AP_CLAIM_3,KLCTCEV_RECORD_ID,Y,48
AP_CLAIM_3,SOURCE_ORG_ID,Y,49
AP_CLAIM_3,CLAIM_NAT_KEY_HASH,Y,54
AP_CLAIM_3,CLAIM_NAT_KEY_ORDER,Y,55
AP_CLAIM_3,NAT_KEY_FINAL_YN,Y,57
AP_CLAIM_3,PRICER_MSG_ID,Y,67
AP_CLAIM_3,RECV_CLAIM_RECON_ID,Y,69
AP_CLAIM_3,CMS_NATURAL_KEY,Y,70
AP_CLAIM_4,CLAIM_ID,Y,1
AP_CLAIM_ADDL_ADJ,TX_ID,Y,1
AP_CLAIM_ANSI_DATA,CLAIM_ID,Y,1
AP_CLAIM_ATTACHMENTS,CLAIM_ID,Y,1
AP_CLAIM_AUTH_ASGN,CLAIM_ID,Y,1
AP_CLAIM_AUTH_ASGN,TX_ID,Y,3
AP_CLAIM_AUTH_ASGN_AUTHS,CLAIM_ID,Y,1
AP_CLAIM_AUTH_ASGN_AUTHS,AUTH_ID,Y,4
AP_CLAIM_AUTH_ASGN_RFLS,CLAIM_ID,Y,1
AP_CLAIM_AUTH_ASGN_RFLS,REFERRAL_ID,Y,4
AP_CLAIM_CDEDIT_HX,CLAIM_ID,Y,1
AP_CLAIM_CDEDIT_HX,RESPONSE_NOTE_ID,Y,7
AP_CLAIM_CDEDIT_HX,EDIT_USER_ID,Y,8
AP_CLAIM_CHANGE_HX,CLAIM_ID,Y,1
AP_CLAIM_CHANGE_HX,CHANGE_HX_USER_ID,Y,6
AP_CLAIM_CHANGE_HX,CHANGE_HX_TX_ID,Y,9
AP_CLAIM_CLIN_FILTER_RSN,CLAIM_ID,Y,1
AP_CLAIM_COMP_CONTRACTS,CLAIM_ID,Y,1
AP_CLAIM_COMP_CONTRACTS,CONTRACT_ID,Y,3
AP_CLAIM_COND_CODE,CLAIM_ID,Y,1
AP_CLAIM_DX,CLAIM_ID,Y,1
AP_CLAIM_ECODES,CLAIM_ID,Y,1
AP_CLAIM_EOB_CD,CLAIM_ID,Y,1
AP_CLAIM_EOB_CD,EOB_CODE_USER_ID,Y,6
AP_CLAIM_EOB_CD_RS,CLAIM_ID,Y,1
AP_CLAIM_EOB_CD_RS,ENTRY_USER_ID,Y,6
AP_CLAIM_EOB_CD_RS,RESOLUTION_USER_ID,Y,9
AP_CLAIM_EXPORT_HISTORY,CLAIM_ID,Y,1
AP_CLAIM_EXPORT_HISTORY,CLAIM_RECON_ID,Y,7
AP_CLAIM_EXPORT_HISTORY,EXPORT_CEV_RECORD_ID,Y,9
AP_CLAIM_HELD_FROM_AP_RSN,CLAIM_ID,Y,1
AP_CLAIM_HLTH_ERR,CLAIM_ID,Y,1
AP_CLAIM_ICD_PROC,CLAIM_ID,Y,1
AP_CLAIM_ICD_PROC,ICD_PX_ID,Y,3
AP_CLAIM_ICIV_RSN,CLAIM_ID,Y,1
AP_CLAIM_IF_ACE_DX_DISP,CLAIM_ID,Y,1
AP_CLAIM_IF_ACE_DX_ERR,CLAIM_ID,Y,1
AP_CLAIM_IF_ACE_DX_NERR,CLAIM_ID,Y,1
AP_CLAIM_IF_ACE_OP_MAI,CLAIM_ID,Y,1
AP_CLAIM_IF_ADMIT_DX_EDIT,CLAIM_ID,Y,1
AP_CLAIM_IF_ADM_DX_ECODE,CLAIM_ID,Y,1
AP_CLAIM_IF_AE_CCI_CD,CLAIM_ID,Y,1
AP_CLAIM_IF_AE_CCI_CNT,CLAIM_ID,Y,1
AP_CLAIM_IF_AE_ERR_CD,CLAIM_ID,Y,1
AP_CLAIM_IF_AE_FCLP,CLAIM_ID,Y,1
AP_CLAIM_IF_AE_FPC,CLAIM_ID,Y,1
AP_CLAIM_IF_AE_MOD_CD,CLAIM_ID,Y,1
AP_CLAIM_IF_AE_OCE_CD,CLAIM_ID,Y,1
AP_CLAIM_IF_AE_OCE_CNT,CLAIM_ID,Y,1
AP_CLAIM_IF_AE_OCE_IND,CLAIM_ID,Y,1
AP_CLAIM_IF_AE_SCLP,CLAIM_ID,Y,1
AP_CLAIM_IF_AE_SPC,CLAIM_ID,Y,1
AP_CLAIM_IF_AGE_EDIT_IND,CLAIM_ID,Y,1
AP_CLAIM_IF_AGE_SX_DX_FLG,CLAIM_ID,Y,1
AP_CLAIM_IF_ANALYZER,CLAIM_ID,Y,1
AP_CLAIM_IF_BILAT_CD_IND,CLAIM_ID,Y,1
AP_CLAIM_IF_BILTRL_DISCNT,CLAIM_ID,Y,1
AP_CLAIM_IF_CC_MCC_IND,CLAIM_ID,Y,1
AP_CLAIM_IF_CLAIM_EDIT,CLAIM_ID,Y,1
AP_CLAIM_IF_CLM_EDIT_DESC,CLAIM_ID,Y,1
AP_CLAIM_IF_CLM_EDIT_DESC,CM_PHY_OWNER_ID,Y,4
AP_CLAIM_IF_CLSD_BPSY_CD,CLAIM_ID,Y,1
AP_CLAIM_IF_CODES,CLAIM_ID,Y,1
AP_CLAIM_IF_CODES,TX_ID,Y,4
AP_CLAIM_IF_DIAL_ADJ_RATE,CLAIM_ID,Y,1
AP_CLAIM_IF_DUP_DX_FLAG,CLAIM_ID,Y,1
AP_CLAIM_IF_DUP_SEC_DX,CLAIM_ID,Y,1
AP_CLAIM_IF_DX_ADMIT_ROM,CLAIM_ID,Y,1
AP_CLAIM_IF_DX_ADMIT_SOI,CLAIM_ID,Y,1
AP_CLAIM_IF_DX_AF_DRG_FLG,CLAIM_ID,Y,1
AP_CLAIM_IF_DX_AF_HAC_DRG,CLAIM_ID,Y,1
AP_CLAIM_IF_DX_AF_HAC_ROM,CLAIM_ID,Y,1
AP_CLAIM_IF_DX_AF_HAC_SOI,CLAIM_ID,Y,1
AP_CLAIM_IF_DX_COMP_IND,CLAIM_ID,Y,1
AP_CLAIM_IF_DX_EDIT,CLAIM_ID,Y,1
AP_CLAIM_IF_DX_EDIT_DESC,CLAIM_ID,Y,1
AP_CLAIM_IF_DX_EDIT_DESC,CM_PHY_OWNER_ID,Y,4
AP_CLAIM_IF_DX_EXCL_HAC,CLAIM_ID,Y,1
AP_CLAIM_IF_DX_HAC_AJ_ROM,CLAIM_ID,Y,1
AP_CLAIM_IF_DX_HAC_AJ_SOI,CLAIM_ID,Y,1
AP_CLAIM_IF_DX_HAC_ASGN,CLAIM_ID,Y,1
AP_CLAIM_IF_DX_HAC_CAT,CLAIM_ID,Y,1
AP_CLAIM_IF_DX_HAC_IND,CLAIM_ID,Y,1
AP_CLAIM_IF_DX_HAC_ROM_FL,CLAIM_ID,Y,1
AP_CLAIM_IF_DX_HAC_SOI_FL,CLAIM_ID,Y,1
AP_CLAIM_IF_DX_HAC_USAGE,CLAIM_ID,Y,1
AP_CLAIM_IF_DX_INVALID,CLAIM_ID,Y,1
AP_CLAIM_IF_DX_POA_BYPASS,CLAIM_ID,Y,1
AP_CLAIM_IF_DX_POA_ERR_CD,CLAIM_ID,Y,1
AP_CLAIM_IF_DX_POA_USED,CLAIM_ID,Y,1
AP_CLAIM_IF_DX_PSCA,CLAIM_ID,Y,1
AP_CLAIM_IF_DX_SUG_SURG,CLAIM_ID,Y,1
AP_CLAIM_IF_DX_USED,CLAIM_ID,Y,1
AP_CLAIM_IF_DX_USED_DESC,CLAIM_ID,Y,1
AP_CLAIM_IF_DX_USED_DESC,CM_PHY_OWNER_ID,Y,4
AP_CLAIM_IF_DX_USED_HAC,CLAIM_ID,Y,1
AP_CLAIM_IF_FIN_MCC_FLAG,CLAIM_ID,Y,1
AP_CLAIM_IF_GOB3_NARRAY,CLAIM_ID,Y,1
AP_CLAIM_IF_GOB3_ROM,CLAIM_ID,Y,1
AP_CLAIM_IF_GOB3_ROM_IND,CLAIM_ID,Y,1
AP_CLAIM_IF_GOB3_SOI,CLAIM_ID,Y,1
AP_CLAIM_IF_GOB3_SOI_IND,CLAIM_ID,Y,1
AP_CLAIM_IF_GOB4_NARRAY,CLAIM_ID,Y,1
AP_CLAIM_IF_GOB4_ROM_IND,CLAIM_ID,Y,1
AP_CLAIM_IF_GOB4_SOI_IND,CLAIM_ID,Y,1
AP_CLAIM_IF_GRP_APG_CAT,CLAIM_ID,Y,1
AP_CLAIM_IF_GRP_APG_CONS,CLAIM_ID,Y,1
AP_CLAIM_IF_GRP_APG_PACK,CLAIM_ID,Y,1
AP_CLAIM_IF_GRP_APG_TYPE,CLAIM_ID,Y,1
AP_CLAIM_IF_GRP_DX_HAC,CLAIM_ID,Y,1
AP_CLAIM_IF_GRP_DX_HAC,CM_PHY_OWNER_ID,Y,4
AP_CLAIM_IF_GRP_LNITM_VIS,CLAIM_ID,Y,1
AP_CLAIM_IF_GRP_PX_HAC,CLAIM_ID,Y,1
AP_CLAIM_IF_GRP_PX_HAC,CM_PHY_OWNER_ID,Y,4
AP_CLAIM_IF_GRP_RFV_DXEDD,CLAIM_ID,Y,1
AP_CLAIM_IF_GRP_RFV_DXEDD,CM_PHY_OWNER_ID,Y,4
AP_CLAIM_IF_GRP_RFV_DXEDT,CLAIM_ID,Y,1
AP_CLAIM_IF_GRP_RFV_DXEDT,CM_PHY_OWNER_ID,Y,4
AP_CLAIM_IF_GRP_RFV_DXUSD,CLAIM_ID,Y,1
AP_CLAIM_IF_GRP_RFV_DXUSD,CM_PHY_OWNER_ID,Y,4
AP_CLAIM_IF_GRP_RFV_DXUSE,CLAIM_ID,Y,1
AP_CLAIM_IF_GRP_RFV_DXUSE,CM_PHY_OWNER_ID,Y,4
AP_CLAIM_IF_GRP_UNASGN_FL,CLAIM_ID,Y,1
AP_CLAIM_IF_HOSP_ACQ_CNDF,CLAIM_ID,Y,1
AP_CLAIM_IF_HOSP_ACQ_COND,CLAIM_ID,Y,1
AP_CLAIM_IF_INFO,CLAIM_ID,Y,1
AP_CLAIM_IF_INFO_2,CLAIM_ID,Y,1
AP_CLAIM_IF_INFO_3,CLAIM_ID,Y,1
AP_CLAIM_IF_INFO_4,CLAIM_ID,Y,1
AP_CLAIM_IF_INFO_4,PPS_ASSOC_VEN_CONTRACT_ID,Y,82
AP_CLAIM_IF_INFO_5,CLAIM_ID,Y,1
AP_CLAIM_IF_INFO_MOE,CLAIM_ID,Y,1
AP_CLAIM_IF_INIT_MCC_FLAG,CLAIM_ID,Y,1
AP_CLAIM_IF_INVLD_PX_EDT,CLAIM_ID,Y,1
AP_CLAIM_IF_LNITM_ACT_FLG,CLAIM_ID,Y,1
AP_CLAIM_IF_LN_340B_DSCNT,CLAIM_ID,Y,1
AP_CLAIM_IF_LN_PRVENT_SVC,CLAIM_ID,Y,1
AP_CLAIM_IF_MCE_ERR_CODE,CLAIM_ID,Y,1
AP_CLAIM_IF_MCE_ERR_COUNT,CLAIM_ID,Y,1
AP_CLAIM_IF_MED_SEC_PYR,CLAIM_ID,Y,1
AP_CLAIM_IF_MED_VIS_DXSSF,CLAIM_ID,Y,1
AP_CLAIM_IF_MODALITY_FACT,CLAIM_ID,Y,1
AP_CLAIM_IF_MODALTY_SEP,CLAIM_ID,Y,1
AP_CLAIM_IF_MULT_PX_DSCNT,CLAIM_ID,Y,1
AP_CLAIM_IF_NDC_REIMB_IND,CLAIM_ID,Y,1
AP_CLAIM_IF_NDC_REIMB_SEP,CLAIM_ID,Y,1
AP_CLAIM_IF_NEVER_PAY_FLG,CLAIM_ID,Y,1
AP_CLAIM_IF_NONCVRD_CHGS,CLAIM_ID,Y,1
AP_CLAIM_IF_NON_COVD_EDIT,CLAIM_ID,Y,1
AP_CLAIM_IF_OLD_DIAL_PAY,CLAIM_ID,Y,1
AP_CLAIM_IF_OLD_METHOD_SP,CLAIM_ID,Y,1
AP_CLAIM_IF_ONSET_FACTOR,CLAIM_ID,Y,1
AP_CLAIM_IF_ONSET_FACT_SP,CLAIM_ID,Y,1
AP_CLAIM_IF_OPR_ROOM_IND,CLAIM_ID,Y,1
AP_CLAIM_IF_OUT_DX,CLAIM_ID,Y,1
AP_CLAIM_IF_OUT_ECODE,CLAIM_ID,Y,1
AP_CLAIM_IF_OUT_ECODE_POA,CLAIM_ID,Y,1
AP_CLAIM_IF_OUT_ICDPX_DT,CLAIM_ID,Y,1
AP_CLAIM_IF_OUT_NDC,CLAIM_ID,Y,1
AP_CLAIM_IF_OUT_NDC_UNITS,CLAIM_ID,Y,1
AP_CLAIM_IF_OUT_OCC_CODE,CLAIM_ID,Y,1
AP_CLAIM_IF_OUT_OCC_DATE,CLAIM_ID,Y,1
AP_CLAIM_IF_OUT_OCC_SFD,CLAIM_ID,Y,1
AP_CLAIM_IF_OUT_OCC_SPAN,CLAIM_ID,Y,1
AP_CLAIM_IF_OUT_OCC_STD,CLAIM_ID,Y,1
AP_CLAIM_IF_OUT_POA,CLAIM_ID,Y,1
AP_CLAIM_IF_OUT_PX,CLAIM_ID,Y,1
AP_CLAIM_IF_OUT_RFV_DX,CLAIM_ID,Y,1
AP_CLAIM_IF_OUT_SUMM_CODE,CLAIM_ID,Y,1
AP_CLAIM_IF_OUT_SUMM_PRC,CLAIM_ID,Y,1
AP_CLAIM_IF_OUT_SUMM_SVC,CLAIM_ID,Y,1
AP_CLAIM_IF_OUT_SVC_CHRGS,CLAIM_ID,Y,1
AP_CLAIM_IF_OUT_SVC_DATE,CLAIM_ID,Y,1
AP_CLAIM_IF_OUT_SVC_HCPCS,CLAIM_ID,Y,1
AP_CLAIM_IF_OUT_SVC_MODS,CLAIM_ID,Y,1
AP_CLAIM_IF_OUT_SVC_PT,CLAIM_ID,Y,1
AP_CLAIM_IF_OUT_SVC_REV,CLAIM_ID,Y,1
AP_CLAIM_IF_OUT_SVC_TO_DT,CLAIM_ID,Y,1
AP_CLAIM_IF_OUT_SVC_UNITS,CLAIM_ID,Y,1
AP_CLAIM_IF_OUT_VAL_AMT,CLAIM_ID,Y,1
AP_CLAIM_IF_OUT_VAL_CODE,CLAIM_ID,Y,1
AP_CLAIM_IF_PAT_RATE,CLAIM_ID,Y,1
AP_CLAIM_IF_PAT_RATE_SEP,CLAIM_ID,Y,1
AP_CLAIM_IF_PAYMENT_SEP,CLAIM_ID,Y,1
AP_CLAIM_IF_POA_FLG_ERR,CLAIM_ID,Y,1
AP_CLAIM_IF_POB2_METHOD,CLAIM_ID,Y,1
AP_CLAIM_IF_PRC_ADDON_PMT,CLAIM_ID,Y,1
AP_CLAIM_IF_PRC_ADJ_EXTWT,CLAIM_ID,Y,1
AP_CLAIM_IF_PRC_ADJ_FLAG,CLAIM_ID,Y,1
AP_CLAIM_IF_PRC_ADJ_WGHT,CLAIM_ID,Y,1
AP_CLAIM_IF_PRC_AD_DX_EDT,CLAIM_ID,Y,1
AP_CLAIM_IF_PRC_APG_TYPE,CLAIM_ID,Y,1
AP_CLAIM_IF_PRC_ASC_CVRD,CLAIM_ID,Y,1
AP_CLAIM_IF_PRC_EXT_WGHT,CLAIM_ID,Y,1
AP_CLAIM_IF_PRC_PMT_CONS,CLAIM_ID,Y,1
AP_CLAIM_IF_PRC_PMT_MTHD,CLAIM_ID,Y,1
AP_CLAIM_IF_PRC_PMT_PACK,CLAIM_ID,Y,1
AP_CLAIM_IF_PRED_OUTL_MAP,CLAIM_ID,Y,1
AP_CLAIM_IF_PRIN_DX_ERRS,CLAIM_ID,Y,1
AP_CLAIM_IF_PX_AFF_ROM_FL,CLAIM_ID,Y,1
AP_CLAIM_IF_PX_AFF_SOI_FL,CLAIM_ID,Y,1
AP_CLAIM_IF_PX_AF_DRG_FLG,CLAIM_ID,Y,1
AP_CLAIM_IF_PX_AF_HAC_DRG,CLAIM_ID,Y,1
AP_CLAIM_IF_PX_AF_HAC_ROM,CLAIM_ID,Y,1
AP_CLAIM_IF_PX_AF_HAC_SOI,CLAIM_ID,Y,1
AP_CLAIM_IF_PX_EDIT,CLAIM_ID,Y,1
AP_CLAIM_IF_PX_EDIT_DESC,CLAIM_ID,Y,1
AP_CLAIM_IF_PX_EDIT_DESC,CM_PHY_OWNER_ID,Y,4
AP_CLAIM_IF_PX_EXCL_GRP,CLAIM_ID,Y,1
AP_CLAIM_IF_PX_HAC_ASGN,CLAIM_ID,Y,1
AP_CLAIM_IF_PX_HAC_USE,CLAIM_ID,Y,1
AP_CLAIM_IF_PX_INCONW_LOS,CLAIM_ID,Y,1
AP_CLAIM_IF_PX_OP_RM_FLG,CLAIM_ID,Y,1
AP_CLAIM_IF_PX_SEQ,CLAIM_ID,Y,1
AP_CLAIM_IF_PX_USE,CLAIM_ID,Y,1
AP_CLAIM_IF_PX_USED_DESC,CLAIM_ID,Y,1
AP_CLAIM_IF_PX_USED_DESC,CM_PHY_OWNER_ID,Y,4
AP_CLAIM_IF_PX_USED_HAC,CLAIM_ID,Y,1
AP_CLAIM_IF_QUAL_RED_FACT,CLAIM_ID,Y,1
AP_CLAIM_IF_REPT_ANCLLRY,CLAIM_ID,Y,1
AP_CLAIM_IF_SEC_DX_SEQ,CLAIM_ID,Y,1
AP_CLAIM_IF_SEX_CONFL_EDT,CLAIM_ID,Y,1
AP_CLAIM_IF_STNDALN_FLG,CLAIM_ID,Y,1
AP_CLAIM_IF_SUPPRESS_HAC,CLAIM_ID,Y,1
AP_CLAIM_IF_SVC_ACE_APC,CLAIM_ID,Y,1
AP_CLAIM_IF_SVC_ACE_BMF,CLAIM_ID,Y,1
AP_CLAIM_IF_SVC_ACE_CLN,CLAIM_ID,Y,1
AP_CLAIM_IF_SVC_ACE_CMHCI,CLAIM_ID,Y,1
AP_CLAIM_IF_SVC_ACE_DISC,CLAIM_ID,Y,1
AP_CLAIM_IF_SVC_ACE_HPD,CLAIM_ID,Y,1
AP_CLAIM_IF_SVC_ACE_MAXUN,CLAIM_ID,Y,1
AP_CLAIM_IF_SVC_ACE_NO,CLAIM_ID,Y,1
AP_CLAIM_IF_SVC_ACE_PAYUN,CLAIM_ID,Y,1
AP_CLAIM_IF_SVC_ACE_PF,CLAIM_ID,Y,1
AP_CLAIM_IF_SVC_ACE_PMTST,CLAIM_ID,Y,1
AP_CLAIM_IF_SVC_ACE_PVI,CLAIM_ID,Y,1
AP_CLAIM_IF_SVC_ACE_PXERR,CLAIM_ID,Y,1
AP_CLAIM_IF_SVC_EAPG_PMT,CLAIM_ID,Y,1
AP_CLAIM_IF_SVC_FIN_HCPCS,CLAIM_ID,Y,1
AP_CLAIM_IF_SVC_F_EAPG,CLAIM_ID,Y,1
AP_CLAIM_IF_SVC_F_EAPG_CT,CLAIM_ID,Y,1
AP_CLAIM_IF_SVC_F_EAPG_TY,CLAIM_ID,Y,1
AP_CLAIM_IF_SVC_F_EAPG_WT,CLAIM_ID,Y,1
AP_CLAIM_IF_SVC_GOB5_APG,CLAIM_ID,Y,1
AP_CLAIM_IF_SVC_GRP_ACUIT,CLAIM_ID,Y,1
AP_CLAIM_IF_SVC_GRP_ACUIT,CM_PHY_OWNER_ID,Y,4
AP_CLAIM_IF_SVC_GRP_AGDSC,CLAIM_ID,Y,1
AP_CLAIM_IF_SVC_GRP_AGDSC,CM_PHY_OWNER_ID,Y,4
AP_CLAIM_IF_SVC_GRP_AGEDT,CLAIM_ID,Y,1
AP_CLAIM_IF_SVC_GRP_AGEDT,CM_PHY_OWNER_ID,Y,4
AP_CLAIM_IF_SVC_GRP_APC,CLAIM_ID,Y,1
AP_CLAIM_IF_SVC_GRP_APG,CLAIM_ID,Y,1
AP_CLAIM_IF_SVC_GRP_CIND,CLAIM_ID,Y,1
AP_CLAIM_IF_SVC_GRP_CLNPX,CLAIM_ID,Y,1
AP_CLAIM_IF_SVC_GRP_CLNPX,CM_PHY_OWNER_ID,Y,4
AP_CLAIM_IF_SVC_GRP_DTFLG,CLAIM_ID,Y,1
AP_CLAIM_IF_SVC_GRP_DTFLG,CM_PHY_OWNER_ID,Y,4
AP_CLAIM_IF_SVC_GRP_FEAPG,CLAIM_ID,Y,1
AP_CLAIM_IF_SVC_GRP_FEAPG,CM_PHY_OWNER_ID,Y,4
AP_CLAIM_IF_SVC_GRP_HIPPS,CLAIM_ID,Y,1
AP_CLAIM_IF_SVC_GRP_MOD1,CLAIM_ID,Y,1
AP_CLAIM_IF_SVC_GRP_MOD1,CM_PHY_OWNER_ID,Y,4
AP_CLAIM_IF_SVC_GRP_MOD1D,CLAIM_ID,Y,1
AP_CLAIM_IF_SVC_GRP_MOD1D,CM_PHY_OWNER_ID,Y,4
AP_CLAIM_IF_SVC_GRP_MOD2,CLAIM_ID,Y,1
AP_CLAIM_IF_SVC_GRP_MOD2,CM_PHY_OWNER_ID,Y,4
AP_CLAIM_IF_SVC_GRP_MOD2D,CLAIM_ID,Y,1
AP_CLAIM_IF_SVC_GRP_MOD2D,CM_PHY_OWNER_ID,Y,4
AP_CLAIM_IF_SVC_GRP_MOD3,CLAIM_ID,Y,1
AP_CLAIM_IF_SVC_GRP_MOD3,CM_PHY_OWNER_ID,Y,4
AP_CLAIM_IF_SVC_GRP_MOD3D,CLAIM_ID,Y,1
AP_CLAIM_IF_SVC_GRP_MOD3D,CM_PHY_OWNER_ID,Y,4
AP_CLAIM_IF_SVC_GRP_MOD4,CLAIM_ID,Y,1
AP_CLAIM_IF_SVC_GRP_MOD4,CM_PHY_OWNER_ID,Y,4
AP_CLAIM_IF_SVC_GRP_MOD4D,CLAIM_ID,Y,1
AP_CLAIM_IF_SVC_GRP_MOD4D,CM_PHY_OWNER_ID,Y,4
AP_CLAIM_IF_SVC_GRP_MOD5,CLAIM_ID,Y,1
AP_CLAIM_IF_SVC_GRP_MOD5,CM_PHY_OWNER_ID,Y,4
AP_CLAIM_IF_SVC_GRP_MOD5D,CLAIM_ID,Y,1
AP_CLAIM_IF_SVC_GRP_MOD5D,CM_PHY_OWNER_ID,Y,4
AP_CLAIM_IF_SVC_GRP_MODJW,CLAIM_ID,Y,1
AP_CLAIM_IF_SVC_GRP_MODJW,CM_PHY_OWNER_ID,Y,4
AP_CLAIM_IF_SVC_GRP_PIND,CLAIM_ID,Y,1
AP_CLAIM_IF_SVC_GRP_PKGDF,CLAIM_ID,Y,1
AP_CLAIM_IF_SVC_GRP_PKGDF,CM_PHY_OWNER_ID,Y,4
AP_CLAIM_IF_SVC_GRP_PMTST,CLAIM_ID,Y,1
AP_CLAIM_IF_SVC_GRP_PXED,CLAIM_ID,Y,1
AP_CLAIM_IF_SVC_GRP_PXED,CM_PHY_OWNER_ID,Y,4
AP_CLAIM_IF_SVC_GRP_PXEDD,CLAIM_ID,Y,1
AP_CLAIM_IF_SVC_GRP_PXEDD,CM_PHY_OWNER_ID,Y,4
AP_CLAIM_IF_SVC_GRP_PXER,CLAIM_ID,Y,1
AP_CLAIM_IF_SVC_GRP_RECUR,CLAIM_ID,Y,1
AP_CLAIM_IF_SVC_GRP_RECUR,CM_PHY_OWNER_ID,Y,4
AP_CLAIM_IF_SVC_GRP_REL,CLAIM_ID,Y,1
AP_CLAIM_IF_SVC_GRP_REL,CM_PHY_OWNER_ID,Y,4
AP_CLAIM_IF_SVC_GRP_REL_D,CLAIM_ID,Y,1
AP_CLAIM_IF_SVC_GRP_REL_D,CM_PHY_OWNER_ID,Y,4
AP_CLAIM_IF_SVC_GRP_REVE,CLAIM_ID,Y,1
AP_CLAIM_IF_SVC_GRP_REVE,CM_PHY_OWNER_ID,Y,4
AP_CLAIM_IF_SVC_GRP_REVED,CLAIM_ID,Y,1
AP_CLAIM_IF_SVC_GRP_REVED,CM_PHY_OWNER_ID,Y,4
AP_CLAIM_IF_SVC_GRP_RT_CD,CLAIM_ID,Y,1
AP_CLAIM_IF_SVC_GRP_RUG,CLAIM_ID,Y,1
AP_CLAIM_IF_SVC_GRP_SAMEP,CLAIM_ID,Y,1
AP_CLAIM_IF_SVC_GRP_SAMEP,CM_PHY_OWNER_ID,Y,4
AP_CLAIM_IF_SVC_GRP_SVCDD,CLAIM_ID,Y,1
AP_CLAIM_IF_SVC_GRP_SVCDD,CM_PHY_OWNER_ID,Y,4
AP_CLAIM_IF_SVC_GRP_SVCDT,CLAIM_ID,Y,1
AP_CLAIM_IF_SVC_GRP_SVCDT,CM_PHY_OWNER_ID,Y,4
AP_CLAIM_IF_SVC_GRP_VISMF,CLAIM_ID,Y,1
AP_CLAIM_IF_SVC_GRP_VISMF,CM_PHY_OWNER_ID,Y,4
AP_CLAIM_IF_SVC_GRP_VISPW,CLAIM_ID,Y,1
AP_CLAIM_IF_SVC_GRP_VISPW,CM_PHY_OWNER_ID,Y,4
AP_CLAIM_IF_SVC_HIPPS_RUG,CLAIM_ID,Y,1
AP_CLAIM_IF_SVC_LINE_IND,CLAIM_ID,Y,1
AP_CLAIM_IF_SVC_LN_IND_D,CLAIM_ID,Y,1
AP_CLAIM_IF_SVC_MCE_QOB,CLAIM_ID,Y,1
AP_CLAIM_IF_SVC_MCE_UNSCD,CLAIM_ID,Y,1
AP_CLAIM_IF_SVC_METHD_IND,CLAIM_ID,Y,1
AP_CLAIM_IF_SVC_OA_VIS_TY,CLAIM_ID,Y,1
AP_CLAIM_IF_SVC_OM_CAT,CLAIM_ID,Y,1
AP_CLAIM_IF_SVC_OUT_IND,CLAIM_ID,Y,1
AP_CLAIM_IF_SVC_PMT_PCT,CLAIM_ID,Y,1
AP_CLAIM_IF_SVC_PRC_ALTP,CLAIM_ID,Y,1
AP_CLAIM_IF_SVC_PRC_ALTP,CM_PHY_OWNER_ID,Y,4
AP_CLAIM_IF_SVC_PRC_APCWT,CLAIM_ID,Y,1
AP_CLAIM_IF_SVC_PRC_ASC,CLAIM_ID,Y,1
AP_CLAIM_IF_SVC_PRC_COPAY,CLAIM_ID,Y,1
AP_CLAIM_IF_SVC_PRC_CRR,CLAIM_ID,Y,1
AP_CLAIM_IF_SVC_PRC_CUTBA,CLAIM_ID,Y,1
AP_CLAIM_IF_SVC_PRC_CUTBA,CM_PHY_OWNER_ID,Y,4
AP_CLAIM_IF_SVC_PRC_DF,CLAIM_ID,Y,1
AP_CLAIM_IF_SVC_PRC_DMEMD,CLAIM_ID,Y,1
AP_CLAIM_IF_SVC_PRC_DMEMD,CM_PHY_OWNER_ID,Y,4
AP_CLAIM_IF_SVC_PRC_FEESC,CLAIM_ID,Y,1
AP_CLAIM_IF_SVC_PRC_FSTYP,CLAIM_ID,Y,1
AP_CLAIM_IF_SVC_PRC_LID,CLAIM_ID,Y,1
AP_CLAIM_IF_SVC_PRC_LIOP,CLAIM_ID,Y,1
AP_CLAIM_IF_SVC_PRC_LIPC,CLAIM_ID,Y,1
AP_CLAIM_IF_SVC_PRC_LN_RT,CLAIM_ID,Y,1
AP_CLAIM_IF_SVC_PRC_MPDI,CLAIM_ID,Y,1
AP_CLAIM_IF_SVC_PRC_PMT,CLAIM_ID,Y,1
AP_CLAIM_IF_SVC_PRC_PMTST,CLAIM_ID,Y,1
AP_CLAIM_IF_SVC_PRC_PRICS,CLAIM_ID,Y,1
AP_CLAIM_IF_SVC_PRC_PRICS,CM_PHY_OWNER_ID,Y,4
AP_CLAIM_IF_SVC_PRC_PROCF,CLAIM_ID,Y,1
AP_CLAIM_IF_SVC_PRC_PROCF,CM_PHY_OWNER_ID,Y,4
AP_CLAIM_IF_SVC_PRC_PX_UN,CLAIM_ID,Y,1
AP_CLAIM_IF_SVC_PRC_PX_UN,CM_PHY_OWNER_ID,Y,4
AP_CLAIM_IF_SVC_PRC_RATE,CLAIM_ID,Y,1
AP_CLAIM_IF_SVC_PRC_REIMB,CLAIM_ID,Y,1
AP_CLAIM_IF_SVC_PRC_RETCD,CLAIM_ID,Y,1
AP_CLAIM_IF_SVC_PRC_RSPC,CLAIM_ID,Y,1
AP_CLAIM_IF_SVC_PRC_RUG,CLAIM_ID,Y,1
AP_CLAIM_IF_SVC_PRC_RUGRT,CLAIM_ID,Y,1
AP_CLAIM_IF_SVC_PRC_SPCLI,CLAIM_ID,Y,1
AP_CLAIM_IF_SVC_PRC_SPCLI,CM_PHY_OWNER_ID,Y,4
AP_CLAIM_IF_SVC_PRC_TOTLN,CLAIM_ID,Y,1
AP_CLAIM_IF_SVC_PRC_TOTOU,CLAIM_ID,Y,1
AP_CLAIM_IF_SVC_PRC_TOTOU,CM_PHY_OWNER_ID,Y,4
AP_CLAIM_IF_SVC_PRC_WITHH,CLAIM_ID,Y,1
AP_CLAIM_IF_SVC_PRC_WITHH,CM_PHY_OWNER_ID,Y,4
AP_CLAIM_IF_SVC_PRO_EXCL,CLAIM_ID,Y,1
AP_CLAIM_IF_SVC_PX_EAPG,CLAIM_ID,Y,1
AP_CLAIM_IF_SVC_PX_EAPG_D,CLAIM_ID,Y,1
AP_CLAIM_IF_SVC_PX_USED,CLAIM_ID,Y,1
AP_CLAIM_IF_SVC_PX_USED_D,CLAIM_ID,Y,1
AP_CLAIM_IF_SVC_RAD_FLG,CLAIM_ID,Y,1
AP_CLAIM_IF_SVC_TOT_PMT,CLAIM_ID,Y,1
AP_CLAIM_IF_SVC_TRACE,CLAIM_ID,Y,1
AP_CLAIM_IF_SVC_T_PMT_WO,CLAIM_ID,Y,1
AP_CLAIM_IF_SVC_UNIT_USED,CLAIM_ID,Y,1
AP_CLAIM_IF_SVC_VISIT_LNS,CLAIM_ID,Y,1
AP_CLAIM_IF_SVC_VIS_DATE,CLAIM_ID,Y,1
AP_CLAIM_IF_SVC_VPD_RUG,CLAIM_ID,Y,1
AP_CLAIM_IF_TERM_PX_DSCNT,CLAIM_ID,Y,1
AP_CLAIM_IF_TRAINING_ADJ,CLAIM_ID,Y,1
AP_CLAIM_IF_UNITS_PAID,CLAIM_ID,Y,1
AP_CLAIM_IF_VIS_EXIST_PMT,CLAIM_ID,Y,1
AP_CLAIM_IF_WRONG_PX_PERF,CLAIM_ID,Y,1
AP_CLAIM_INFO_ECODE,CLAIM_ID,Y,1
AP_CLAIM_INFO_ECODE_DESC,CLAIM_ID,Y,1
AP_CLAIM_INFO_PX_CODE,CLAIM_ID,Y,1
AP_CLAIM_INFO_PX_CODE_D,CLAIM_ID,Y,1
AP_CLAIM_INFO_SVC_DXPOINT,CLAIM_ID,Y,1
AP_CLAIM_INFO_SVC_MUE_MAX,CLAIM_ID,Y,1
AP_CLAIM_INFO_SVC_OFF_CAM,CLAIM_ID,Y,1
AP_CLAIM_INFO_SVC_POINTDD,CLAIM_ID,Y,1
AP_CLAIM_INFO_SVC_POINTDX,CLAIM_ID,Y,1
AP_CLAIM_INFO_SVC_PX_CD,CLAIM_ID,Y,1
AP_CLAIM_INFO_SVC_PX_CD_D,CLAIM_ID,Y,1
AP_CLAIM_INFO_SVC_SP_NCCI,CLAIM_ID,Y,1
AP_CLAIM_INFO_SVC_TEL_FLG,CLAIM_ID,Y,1
AP_CLAIM_INFO_SVC_UNCL_DR,CLAIM_ID,Y,1
AP_CLAIM_INFO_SVC_UNL_PX,CLAIM_ID,Y,1
AP_CLAIM_LETTERS,CLAIM_ID,Y,1
AP_CLAIM_LETTERS,LTRS_GENERATED_ID,Y,3
AP_CLAIM_LEVEL_ADJ,CLAIM_ID,Y,1
AP_CLAIM_LOOPSPLIT,CLAIM_ID,Y,1
AP_CLAIM_LOOPSPLIT,CLM_IN_SEQUENCE_CLAIM_ID,Y,3
AP_CLAIM_LOOP_CLAIM,CLAIM_ID,Y,1
AP_CLAIM_LOOP_CLAIM,CLM_LOOP_CLAIM_ID,Y,3
AP_CLAIM_MISC_BOX,CLAIM_ID,Y,1
AP_CLAIM_NOTES,CLAIM_ID,Y,1
AP_CLAIM_NOTES,NOTE_ID,Y,3
AP_CLAIM_NOTES,NOTE_USER_ID,Y,5
AP_CLAIM_OCCR_CODE,CLAIM_ID,Y,1
AP_CLAIM_OCCR_SPAN,CLAIM_ID,Y,1
AP_CLAIM_PREV_SEQ_GRP,CLAIM_ID,Y,1
AP_CLAIM_PRICER_HX,CLAIM_ID,Y,1
AP_CLAIM_PRICER_HX,ASSOC_CONTRACT_ID,Y,3
AP_CLAIM_PRICER_HX,PRICER_MSG_ID,Y,7
AP_CLAIM_PROC,TX_ID,Y,1
AP_CLAIM_PROC,REFUND_REVERSAL_ID,Y,34
AP_CLAIM_PROC,REFUND_ADJT_ID,Y,35
AP_CLAIM_PROC,DRG_ID,Y,63
AP_CLAIM_PROC,CVG_ID,Y,74
AP_CLAIM_PROC,APC_CODE_ID,Y,75
AP_CLAIM_PROC,CMG_MATCHED_ID,Y,81
AP_CLAIM_PROC,RFL_MATCHED_ID,Y,85
AP_CLAIM_PROC,TOD_MATCHED_ID,Y,86
AP_CLAIM_PROC,UBC_REVENUE_CODE_ID,Y,89
AP_CLAIM_PROC,CLAIM_ID,Y,91
AP_CLAIM_PROC_2,TX_ID,Y,1
AP_CLAIM_PROC_2,PAT_PAY_COPAY_SERVICE_TYPE_ID,Y,68
AP_CLAIM_PROC_2,PAT_PAY_HRA_DEF_ID,Y,76
AP_CLAIM_PROC_3,TX_ID,Y,1
AP_CLAIM_PROC_3,PMT_INFO_RESP_ID,Y,13
AP_CLAIM_PROC_3,PMT_INFO_CPNT_ID,Y,17
AP_CLAIM_PROC_3,PMT_RESP_OVER_ID,Y,23
AP_CLAIM_PROC_3,OPR_AUTH_CMP_CMG_ID,Y,28
AP_CLAIM_PROC_3,OPR_AUTH_CFR_ID,Y,34
AP_CLAIM_PROC_3,PMT_ORIG_RESP_ID,Y,38
AP_CLAIM_PROC_3,ORIGINAL_TX_ID,Y,48
AP_CLAIM_PROC_3,NDC_FEE_SCHEDULE_ID,Y,56
AP_CLAIM_PROC_3,REDISTRIBUTED_TO_TX_ID,Y,72
AP_CLAIM_PROC_3,OVERRIDE_RENTAL_RECORD_ID,Y,74
AP_CLAIM_PROC_3,DME_RENTAL_ID,Y,75
AP_CLAIM_PROC_3,DME_PRICING_RECORD_ID,Y,77
AP_CLAIM_PROC_4,TX_ID,Y,1
AP_CLAIM_PROC_4,PAT_ID,Y,14
AP_CLAIM_PROC_4,QUAL_AMT_FEE_SCHEDULE_MAP_ID,Y,17
AP_CLAIM_PROC_4,QUAL_AMT_FEE_SCHEDULE_ID,Y,19
AP_CLAIM_PROC_4,QUAL_AMT_NETWORK_ID,Y,23
AP_CLAIM_PROC_4,PRICER_MSG_ID,Y,31
AP_CLAIM_PROC_4,ALWD_AMT_TIERED_CMP_INDEX_ID,Y,35
AP_CLAIM_PROC_4,SUB_PEN_ADJ_RULE_ID,Y,42
AP_CLAIM_PROC_ATTACHMENTS,TX_ID,Y,1
AP_CLAIM_PROC_CE_SAVINGS,TX_ID,Y,1
AP_CLAIM_PROC_IDS,CLAIM_ID,Y,1
AP_CLAIM_PROC_IDS,TX_ID,Y,3
AP_CLAIM_PROC_IDS_CSR,CLAIM_ID,Y,1
AP_CLAIM_PROC_IDS_CSR,TX_ID,Y,3
AP_CLAIM_PROGRAM_HISTORY,CLAIM_ID,Y,1
AP_CLAIM_PROGRAM_HISTORY,UPDATE_PROGRAM_ID,Y,3
AP_CLAIM_PROGRAM_HISTORY,VBP_HX_SENT_DXO_ID,Y,8
AP_CLAIM_PROGRAM_INFO,CLAIM_ID,Y,1
AP_CLAIM_PROGRAM_INFO,PROGRAM_ID,Y,3
AP_CLAIM_PROV_RESP,TX_ID,Y,1
AP_CLAIM_PX_AMT_LV,TX_ID,Y,1
AP_CLAIM_PX_AT_BKT,TX_ID,Y,1
AP_CLAIM_PX_AT_BKT,BEN_BKT_COVERAGE_ID,Y,3
AP_CLAIM_PX_AT_BKT,BEN_BKT_ID,Y,4
AP_CLAIM_PX_AUTH_INFO,TX_ID,Y,1
AP_CLAIM_PX_AUTH_INFO,AUTH_ID,Y,3
AP_CLAIM_PX_BND_BUCKET,TX_ID,Y,1
AP_CLAIM_PX_BND_BUCKET,BND_BUCKET_ID,Y,3
AP_CLAIM_PX_BND_EPSD_HX,TX_ID,Y,1
AP_CLAIM_PX_BND_EPSD_HX,BND_EPSD_EPISODE_ID,Y,4
AP_CLAIM_PX_BND_EPSD_HX,BND_EPSD_USER_ID,Y,7
AP_CLAIM_PX_BND_EPSD_INFO,TX_ID,Y,1
AP_CLAIM_PX_BND_EPSD_INFO,BND_EPSD_EPISODE_ID,Y,3
AP_CLAIM_PX_EOBS,TX_ID,Y,1
AP_CLAIM_PX_NDC,TX_ID,Y,1
AP_CLAIM_PX_NDC,NDC_CODE_ID,Y,3
AP_CLAIM_PX_PT_BKT,TX_ID,Y,1
AP_CLAIM_PX_PT_BKT,BEN_BKT_COVERAGE_ID,Y,3
AP_CLAIM_PX_PT_BKT,BEN_BKT_ID,Y,4
AP_CLAIM_PX_RFLS_USED,TX_ID,Y,1
AP_CLAIM_PX_RFLS_USED,REFERRAL_ID,Y,3
AP_CLAIM_PX_SL_LEVELS,TX_ID,Y,1
AP_CLAIM_PX_VAL_PROG_ADJ,TX_ID,Y,1
AP_CLAIM_REAL_TM_INTERF,TX_ID,Y,1
AP_CLAIM_REC_SA_PBS,CLAIM_ID,Y,1
AP_CLAIM_REVIEW,CLAIM_ID,Y,1
AP_CLAIM_SEQ_GRP_ITEMS,CLAIM_ID,Y,1
AP_CLAIM_SPLIT_CLAIM,CLAIM_ID,Y,1
AP_CLAIM_SPLIT_CLAIM,CLM_SPLIT_CLAIM_ID,Y,4
AP_CLAIM_TX_HX,CLAIM_ID,Y,1
AP_CLAIM_TX_HX,TX_HX_NUM_ID,Y,15
AP_CLAIM_TX_HX,TX_HX_DRG_CODE_ID,Y,22
AP_CLAIM_TX_HX,TX_HX_USER_ID,Y,66
AP_CLAIM_TX_HX,TX_HX_UBC_REVCOD_ID,Y,68
AP_CLAIM_VALU_CODE,CLAIM_ID,Y,1
AP_CLAIM_VAL_PROG_ADJ,CLAIM_ID,Y,1
AP_CLM_EPSDT_CONDS,CLAIM_ID,Y,1
AP_CLM_IF_MOE_DX_CODE_TYP,CLAIM_ID,Y,1
AP_CLM_IF_MOE_DX_ERRORS,CLAIM_ID,Y,1
AP_CLM_IF_MOE_DX_ERR_NUM,CLAIM_ID,Y,1
AP_CLM_IF_MOE_DX_HI_DISP,CLAIM_ID,Y,1
AP_CLM_IF_MOE_PX_BILATER,CLAIM_ID,Y,1
AP_CLM_IF_MOE_PX_CCI1_LN,CLAIM_ID,Y,1
AP_CLM_IF_MOE_PX_CCI_COL1,CLAIM_ID,Y,1
AP_CLM_IF_MOE_PX_CCI_TYPE,CLAIM_ID,Y,1
AP_CLM_IF_MOE_PX_ERRORS,CLAIM_ID,Y,1
AP_CLM_IF_MOE_PX_ERR_NUM,CLAIM_ID,Y,1
AP_CLM_IF_MOE_PX_HI_DISP,CLAIM_ID,Y,1
AP_CLM_IF_MOE_PX_MAX_UNIT,CLAIM_ID,Y,1
AP_CLM_IF_MOE_PX_PAY_STAT,CLAIM_ID,Y,1
AP_CLM_IF_MOE_PX_VALIDITY,CLAIM_ID,Y,1
AP_CLM_IF_SVC_CAPD_CCPD,CLAIM_ID,Y,1
AP_CLM_IF_SVC_COINS_FCTR,CLAIM_ID,Y,1
AP_CLM_IF_SVC_COMRBD_FCTR,CLAIM_ID,Y,1
AP_CLM_IF_SVC_COMRBD_PAY,CLAIM_ID,Y,1
AP_CLM_IF_SVC_COPAY_WO_MU,CLAIM_ID,Y,1
AP_CLM_IF_SVC_CVG_FACTOR,CLAIM_ID,Y,1
AP_CLM_IF_SVC_DIAL_IND,CLAIM_ID,Y,1
AP_CLM_IF_SVC_FINAL_DIAL,CLAIM_ID,Y,1
AP_CLM_IF_SVC_IMP_OUT_MAP,CLAIM_ID,Y,1
AP_CLM_IF_SVC_OUTLR_WO_MU,CLAIM_ID,Y,1
AP_CLM_IF_SVC_PAY_WO_MU,CLAIM_ID,Y,1
AP_CLM_PX_AMBU_CERT,TX_ID,Y,1
AP_CLM_PX_AMBU_CERT_RM,TX_ID,Y,1
AP_CLM_PX_AMBU_DROP,TX_ID,Y,1
AP_CLM_PX_AMBU_PICK,TX_ID,Y,1
AP_CLM_PX_BEN_AUTH_RFL,TX_ID,Y,1
AP_CLM_PX_BEN_AUTH_RFL,BENEFITS_AUTH_REFERRAL_ID,Y,3
AP_CLM_PX_CVTY_DSG,TX_ID,Y,1
AP_CLM_PX_OPR_AUTH_RFL,TX_ID,Y,1
AP_CLM_PX_OPR_AUTH_RFL,OPERATIONAL_AUTH_REFERRAL_ID,Y,3
AP_CLM_PX_PAT_PAY_RFL,TX_ID,Y,1
AP_CLM_PX_PAT_PAY_RFL,PAT_PAY_REFERRAL_ID,Y,3
AP_CLM_PX_PRICER_HX,TX_ID,Y,1
AP_CLM_PX_PRICER_HX,ASSOC_CONTRACT_ID,Y,3
AP_CLM_PX_PRICER_HX,PRICER_MSG_ID,Y,7
AP_CLM_PX_PROCESS_CODE_HX,TX_ID,Y,1
AP_CLM_PX_PROCESS_CODE_HX,ADDED_BY_USER_ID,Y,5
AP_CLM_PX_PROCESS_CODE_HX,RESOLUTION_BY_USER_ID,Y,10
AP_CLM_PX_TOOTH,TX_ID,Y,1
AP_CLM_PX_VEN_CNTRCT_RFL,TX_ID,Y,1
AP_CLM_PX_VEN_CNTRCT_RFL,VEN_CONTRACT_AUTH_REFERRAL_ID,Y,3
AP_CLM_RX,CLAIM_ID,Y,1
AP_CLM_RX,RECORD_STATUS_EXT_CODE_LST_ID,Y,4
AP_CLM_RX,REJECT_OVRIDE_EXT_CODE_LST_ID,Y,6
AP_CLM_RX,PHARMACY_ID,Y,8
AP_CLM_RX,COVERAGE_ID,Y,22
AP_CLM_RX,ORIG_OF_REV_CLAIM_ID,Y,40
AP_CLM_RX,ADJUST_BY_CLAIM_ID,Y,41
AP_CLM_RX,ORIG_OF_ADJUST_CLAIM_ID,Y,42
AP_CLM_RX,CMS_NATURAL_KEY,Y,53
AP_CLM_RX_2,CLAIM_ID,Y,1
AP_CLM_RX_2,MOST_RECENT_INCOMING_CEV_ID,Y,5
AP_CLM_RX_2,CLAIM_HEADER_ID,Y,6
AP_CLM_RX_2,ADJ_TO_CLAIM_ID,Y,8
AP_CLM_RX_2,REV_TO_CLAIM_ID,Y,9
AP_CLM_RX_2,KLCTCEV_RECORD_ID,Y,11
AP_CLM_RX_2,SOURCE_ORG_ID,Y,13
AP_CLM_RX_2,EXTERNAL_DEMOG_ID,Y,16
AP_CLM_RX_2,CLM_LOB_ID,Y,18
AP_CLM_RX_2,CLAIM_NAT_KEY_HASH,Y,22
AP_CLM_RX_2,CLAIM_NAT_KEY_ORDER,Y,23
AP_CLM_RX_2,NAT_KEY_FINAL_YN,Y,25
AP_CLM_RX_DTL,TX_ID,Y,1
AP_CLM_RX_DTL,NDC_ID,Y,2
AP_CLM_RX_DTL,NDC_UNIT_EXT_CODE_LST_ID,Y,5
AP_CLM_RX_DTL,DAW_CODE_EXT_CODE_LST_ID,Y,9
AP_CLM_RX_DTL,CLAIM_ID,Y,33
AP_CLM_RX_DTL,SERV_PHARMACY_ID,Y,39
AP_CLM_RX_DTL_2,TX_ID,Y,1
AP_CLM_RX_DTL_IDS,CLAIM_ID,Y,1
AP_CLM_RX_DTL_IDS,TX_ID,Y,3
AP_CLM_RX_DTL_OTHER_AMT,TX_ID,Y,1
AP_CLM_RX_DTL_OTHER_AMT,OTHR_AMT_CODE_ID,Y,3
AP_CLM_RX_OTHER_AMT,CLAIM_ID,Y,1
AP_CLM_RX_OTHER_AMT,AMT_PAID_QUAL_EXT_CODE_LST_ID,Y,3
AP_CLM_RX_PROGRAM_HISTORY,CLAIM_ID,Y,1
AP_CLM_RX_PROGRAM_HISTORY,UPDATE_PROGRAM_ID,Y,3
AP_CLM_RX_PROGRAM_HISTORY,VBP_HX_SENT_DXO_ID,Y,8
AP_CLM_RX_PROGRAM_INFO,CLAIM_ID,Y,1
AP_CLM_RX_PROGRAM_INFO,PROGRAM_ID,Y,3
AP_CLM_RX_REJECT_CODE,CLAIM_ID,Y,1
AP_CLM_RX_REJECT_CODE,REJ_CODE_EXT_CODE_LST_ID,Y,3
AP_CLM_TOOTH_STAT,CLAIM_ID,Y,1
AP_CLM_VST_RSN_DX,CLAIM_ID,Y,1
AP_PROC_ASSOC_DX,ETR_ID,Y,1
AP_SPECIMEN_DESC,SPECIMEN_ID,Y,1
AP_SPEC_ATTRIBUTE,SPECIMEN_ID,Y,1
ARCHITECT_PAT,RESULT_ID,Y,1
ARPB_ADJ_APPROVAL_HX,TX_ID,Y,1
ARPB_ADJ_APPROVAL_HX,ADJ_APRV_USER_ID,Y,5
ARPB_AUTH_INFO,TX_ID,Y,1
ARPB_AUTH_INFO,OVRD_AUTH_CVG_ID,Y,3
ARPB_AUTH_INFO,AUTH_ID,Y,6
ARPB_AUTH_INFO,AUTH_OVRIDE_USER_ID,Y,7
ARPB_CHG_ENTRY_DX,TX_ID,Y,1
ARPB_CHG_ENTRY_DX_ALT,TX_ID,Y,1
ARPB_CHKIN_RFD_RSN,TX_ID,Y,1
ARPB_CS_CH_GEN_ITM,TAR_ID,Y,1
ARPB_DISCOUNT_PROC,TX_ID,Y,1
ARPB_PMT_RELATED_DENIALS,TX_ID,Y,1
ARPB_PMT_RELATED_DENIALS,RELATED_BDC_ID,Y,3
ARPB_PNB_RULE_OVERRIDES,TX_ID,Y,1
ARPB_PNB_RULE_OVERRIDES,PNB_OVRIDE_RULE_ID,Y,3
ARPB_PNB_RULE_OVERRIDES,PNB_OVRIDE_USER_ID,Y,5
ARPB_RSH_CHGREV_HX,TX_ID,Y,1
ARPB_RSH_CHGREV_HX,RSH_REV_USER_ID,Y,3
ARPB_RSH_CHGREV_HX,RSH_REV_COMMENT_ID,Y,5
ARPB_RSH_CHGREV_QLFY_HX,TX_ID,Y,1
ARPB_RSH_CHGREV_QLFY_HX,RSH_REV_USER_ID,Y,4
ARPB_RSH_CHGREV_QLFY_HX,RSH_REV_NOTE_ID,Y,7
ARPB_TRANSACTIONS,TX_ID,Y,1
ARPB_TRANSACTIONS,ACCOUNT_ID,Y,5
ARPB_TRANSACTIONS,REPOST_ETR_ID,Y,36
ARPB_TRANSACTIONS,PAT_ENC_CSN_ID,Y,39
ARPB_TRANSACTIONS,REFERRAL_ID,Y,45
ARPB_TRANSACTIONS,ORIGINAL_CVG_ID,Y,48
ARPB_TRANSACTIONS,COVERAGE_ID,Y,50
ARPB_TRANSACTIONS,USER_ID,Y,54
ARPB_TRANSACTIONS,CHG_ROUTER_SRC_ID,Y,57
ARPB_TRANSACTIONS,BILL_AREA_ID,Y,61
ARPB_TRANSACTIONS,IPP_INV_ID,Y,67
ARPB_TRANSACTIONS2,TX_ID,Y,1
ARPB_TRANSACTIONS2,FIN_DIV_ID,Y,3
ARPB_TRANSACTIONS2,FIN_SUBDIV_ID,Y,5
ARPB_TRANSACTIONS2,RSH_ORIG_ACCOUNT_ID,Y,9
ARPB_TRANSACTIONS2,REVERSED_PMT_TX_ID,Y,15
ARPB_TRANSACTIONS2,PMT_REVERSAL_TX_ID,Y,16
ARPB_TRANSACTIONS2,SUSP_NRP_USER_ID,Y,22
ARPB_TRANSACTIONS2,ORIG_BUNDPMT_ETR_ID,Y,31
ARPB_TRANSACTIONS2,ORIG_BUNDPMT_HTR_ID,Y,32
ARPB_TRANSACTIONS2,SCHED_PMT_ID,Y,38
ARPB_TRANSACTIONS2,TAX_CHARGE_TX_ID,Y,39
ARPB_TRANSACTIONS2,PATIENT_ESTIMATE_ID,Y,40
ARPB_TRANSACTIONS2,PATIENT_WISDOM_PROC_ID,Y,41
ARPB_TRANSACTIONS2,RFL_OVRIDE_USER_ID,Y,43
ARPB_TRANSACTIONS2,PARENT_SCHED_PMT_ID,Y,45
ARPB_TRANSACTIONS2,FIRST_HTR_TX_ID,Y,48
ARPB_TRANSACTIONS2,FIRST_ETR_TX_ID,Y,49
ARPB_TRANSACTIONS2,RESEARCH_ENROLL_ID,Y,54
ARPB_TRANSACTIONS2,PARENT_TX_ID,Y,57
ARPB_TRANSACTIONS3,TX_ID,Y,1
ARPB_TRANSACTIONS3,SUSP_NRP_SRC_COVERAGE_ID,Y,3
ARPB_TRANSACTIONS3,SUSP_NRP_DST_COVERAGE_ID,Y,4
ARPB_TRANSACTIONS3,EB_PMT_HTT_ID,Y,9
ARPB_TRANSACTIONS3,BFD_COVERAGE_ID,Y,11
ARPB_TRANSACTIONS3,ADV_PRICING_INDEX_ID,Y,13
ARPB_TRANSACTIONS3,ADV_PRICING_RULE_ID,Y,15
ARPB_TRANSACTIONS3,ADV_PRICING_FSC1_ID,Y,18
ARPB_TRANSACTIONS3,ADV_PRICING_FSC2_ID,Y,20
ARPB_TRANSACTIONS3,ADV_PRICING_LPP_ID,Y,25
ARPB_TRANSACTIONS3,POSTING_MYPT_ID,Y,30
ARPB_TRANSACTIONS3,OVR_REIMB_CONTRACT_ID,Y,36
ARPB_TRANSACTIONS3,PMT_PLAN_AGRMT_SCHED_PMT_ID,Y,40
ARPB_TRANSACTIONS3,EST_VARIANCE_WO_ESTIMATE_ID,Y,43
ARPB_TRANSACTIONS3,NCC_OVERRIDE_COVERAGE_ID,Y,45
ARPB_TX_ACTIONS,TX_ID,Y,1
ARPB_TX_ACTIONS,BEFORE_CVG_ID,Y,17
ARPB_TX_ACTIONS,AFTER_CVG_ID,Y,18
ARPB_TX_ACTIONS,ACTION_USER_ID,Y,19
ARPB_TX_ACTIONS,RMC_ID,Y,22
ARPB_TX_ACTIONS,RMC_TWO_ID,Y,24
ARPB_TX_ACTIONS,RMC_THREE_ID,Y,26
ARPB_TX_ACTIONS,RMC_FOUR_ID,Y,28
ARPB_TX_ACTIONS,ACCOUNT_ID,Y,36
ARPB_TX_AGCY_HX,TX_ID,Y,1
ARPB_TX_AGCY_HX,AGENCY_ID,Y,3
ARPB_TX_ALT_PAYER,TX_ID,Y,1
ARPB_TX_ALT_PAYER,ALT_PAYER_COVERAGE_ID,Y,3
ARPB_TX_BND_EPSD_CREATED,TX_ID,Y,1
ARPB_TX_BND_EPSD_CREATED,CREATED_EPISODE_ID,Y,3
ARPB_TX_BND_EPSD_HX,TX_ID,Y,1
ARPB_TX_BND_EPSD_HX,BND_EPSD_EPISODE_ID,Y,4
ARPB_TX_BND_EPSD_HX,BND_EPSD_USER_ID,Y,7
ARPB_TX_BND_EPSD_INFO,TX_ID,Y,1
ARPB_TX_BND_EPSD_INFO,BND_EPSD_EPISODE_ID,Y,3
ARPB_TX_BND_EPSD_TRANS,TX_ID,Y,1
ARPB_TX_BND_EPSD_TRANS,TRNSFRMD_EPISODE_ID,Y,3
ARPB_TX_CHG_LVL_FO,TX_ID,Y,1
ARPB_TX_CHG_LVL_FO,CHG_LVL_FO_CVG_ID,Y,3
ARPB_TX_CHG_REV_HX,TX_ID,Y,1
ARPB_TX_CHG_REV_HX,CR_HX_USER_ID,Y,3
ARPB_TX_CH_GEN_ITM,TX_ID,Y,1
ARPB_TX_CLASS_HX,TX_ID,Y,1
ARPB_TX_CLASS_HX,CLASS_HX_USER_ID,Y,6
ARPB_TX_COL_EXT_HX,TX_ID,Y,1
ARPB_TX_COL_EXT_HX,EXT_HX_AGENCY_ID,Y,3
ARPB_TX_COL_EXT_HX,EXT_HX_USER_ID,Y,9
ARPB_TX_DEF_ANES_MODS,TX_ID,Y,1
ARPB_TX_DENTAL,TX_ID,Y,1
ARPB_TX_DENTAL,TREATMENT_PLAN_ID,Y,9
ARPB_TX_DENT_TOOTH,TX_ID,Y,1
ARPB_TX_E_PMT,TX_ID,Y,1
ARPB_TX_FIN_ASST,TX_ID,Y,1
ARPB_TX_FIN_ASST,PROGRAM_ID,Y,2
ARPB_TX_FIN_ASST,FEE_SCHEDULE_ID,Y,7
ARPB_TX_FIN_ASST,FIN_ASST_TRACKER_ID,Y,11
ARPB_TX_MATCH_HX,TX_ID,Y,1
ARPB_TX_MATCH_HX,MTCH_TX_HX_ID,Y,4
ARPB_TX_MATCH_HX,MTCH_TX_HX_D_CVG_ID,Y,10
ARPB_TX_MATCH_HX,MTCH_TX_HX_DSUSR_ID,Y,11
ARPB_TX_MATCH_HX,MTCH_TX_HX_UDUSR_ID,Y,13
ARPB_TX_MATCH_HX,MTCH_TX_HX_UN_CV_ID,Y,17
ARPB_TX_MATCH_REFUND_INFO,TX_ID,Y,1
ARPB_TX_MATCH_REFUND_INFO,MATCH_CHARGE_ID,Y,4
ARPB_TX_MEA,TX_ID,Y,1
ARPB_TX_MODERATE,TX_ID,Y,1
ARPB_TX_MODERATE,ORIGINATING_TAR_ID,Y,2
ARPB_TX_MODERATE,SOURCE_TAR_ID,Y,3
ARPB_TX_MODERATE,HOSP_ACCT_ID,Y,7
ARPB_TX_MODERATE,ORDER_ID,Y,8
ARPB_TX_MODERATE,REFERRAL_PROV_ID,Y,13
ARPB_TX_MODERATE,CVG_PLAN_GROUP_ID,Y,22
ARPB_TX_MODERATE,UNDIST_CHG_USER_ID,Y,28
ARPB_TX_MODERATE,EXT_CUR_AGENCY_ID,Y,40
ARPB_TX_MODERATE,EXTERNAL_ID,Y,43
ARPB_TX_MODERATE,SURGICAL_LOG_ID,Y,44
ARPB_TX_MODERATE,SUPPLY_ID,Y,45
ARPB_TX_MODERATE,IMPLANT_ID,Y,47
ARPB_TX_MODERATE,CLAIM_ID,Y,51
ARPB_TX_MODERATE,RAD_THER_COMP_TX_ID,Y,54
ARPB_TX_MODIFIERS,ETR_ID,Y,1
ARPB_TX_REFCOM_HX,TX_ID,Y,1
ARPB_TX_REFCOM_HX,REFUND_CMT_USER_ID,Y,5
ARPB_TX_REFUND,TX_ID,Y,1
ARPB_TX_REFUND,REFUND_ADDR_CVG_ID,Y,9
ARPB_TX_REFUND,REFUND_ACC_USR_ID,Y,16
ARPB_TX_REFUND,REFUND_ADDR_EMP_ID,Y,18
ARPB_TX_REFUND,REFUND_ADDR_CUST_PAYEE_ID,Y,25
ARPB_TX_REFUND_ADD,TX_ID,Y,1
ARPB_TX_REFUND_HX,TX_ID,Y,1
ARPB_TX_REFUND_HX,REF_REQ_HX_USER_ID,Y,3
ARPB_TX_REF_INFO,TX_ID,Y,1
ARPB_TX_RETRO_HX,TX_ID,Y,1
ARPB_TX_RETRO_HX,USER_ID,Y,8
ARPB_TX_RETRO_HX,TRIGGER_USER_ID,Y,11
ARPB_TX_SST,TX_ID,Y,1
ARPB_TX_STMCLAIMHX,TX_ID,Y,1
ARPB_TX_STMCLAIMHX,BC_HX_COVERAGE_ID,Y,5
ARPB_TX_STMCLAIMHX,BC_HX_CLM_DB_ID,Y,13
ARPB_TX_STMT_DT,TX_ID,Y,1
ARPB_TX_TEST_INFO,TX_ID,Y,1
ARPB_TX_VENDOR_APPEAL,TX_ID,Y,1
ARPB_TX_VISIT_PROG,TX_ID,Y,1
ARPB_TX_VOID,TX_ID,Y,1
ARPB_TX_VOID,OLD_ETR_ID,Y,2
ARPB_TX_VOID,REPOSTED_ETR_ID,Y,3
ARPB_TX_VOID,TRANS_TX_ID,Y,6
ARPB_TX_VOID,RETRO_CHARGE_ID,Y,8
ARPB_TX_VOID,DEL_CHARGE_USER_ID,Y,10
ARPB_VISITS,PB_VISIT_ID,Y,1
ARPB_VISITS,PRIM_ENC_CSN_ID,Y,6
ARPB_VISITS,GUARANTOR_ID,Y,7
ARPB_VISITS,COVERAGE_ID,Y,8
ARPB_VISITS,REC_CREATE_USER_ID,Y,23
ARPB_VISITS,FIRST_PB_CHG_TX_ID,Y,25
ARRIVAL_EVENT_TASK_ITEM,PAT_ENC_CSN_ID,Y,1
ARRIVAL_EVENT_TASK_ITEM,PAT_ID,Y,4
ARRIVAL_EVENT_TASK_ITEM,CM_CT_OWNER_ID,Y,6
ARRIVAL_EVENT_TASK_RULE,PAT_ENC_CSN_ID,Y,1
ARRIVAL_EVENT_TASK_RULE,PAT_ID,Y,4
ARRIVAL_EVENT_TASK_RULE,CM_CT_OWNER_ID,Y,6
ARR_EVENT_TASK_EXTENSION,PAT_ENC_CSN_ID,Y,1
ARR_EVENT_TASK_EXTENSION,CM_CT_OWNER_ID,Y,5
ARR_EVENT_TASK_EXTENSION,PAT_ID,Y,6
ARR_EVENT_TASK_ITEM_NAME,PAT_ENC_CSN_ID,Y,1
ARR_EVENT_TASK_ITEM_NAME,PAT_ID,Y,4
ARR_EVENT_TASK_ITEM_NAME,CM_CT_OWNER_ID,Y,6
ARTERIAL_TYP,ORG_RECORD_ID,Y,1
ASSC_EPITL_LS,RESULT_ID,Y,1
ASSIGNMENT_DATA,ASGN_DATA_ID,Y,1
ASSIGNMENT_DATA,PAT_ID,Y,4
ASSIGNMENT_DATA,EXTERNAL_DEMOG_ID,Y,9
ASSIGNMENT_DATA,EXTERNAL_IDENT_BUNDLE_ID,Y,10
ASSIGNMENT_DATA_LOADS,ASGN_DATA_ID,Y,1
ASSIGNMENT_DATA_LOADS,ASGN_LOAD_ID,Y,3
ASSIGNMENT_DATA_LOADS,ASGN_LOAD_DEMOG_ID,Y,4
ASSOCD_DEP,REGISTRY_DATA_ID,Y,1
ASSOCD_DEP,ASSOCD_BED_ID,Y,5
ASSOCD_LAB,REGISTRY_DATA_ID,Y,1
ASSOCD_LAB,ASSOCD_ORD_ID,Y,3
ASSOCD_LDA,REGISTRY_DATA_ID,Y,1
ASSOCD_LDA,ASSOCD_LDA_ID,Y,3
ASSOCD_ORGANISMS,REGISTRY_DATA_ID,Y,1
ASSOCD_ORGANISMS,ASSOCD_ORGANISM_ID,Y,3
ASSOCD_SER,REGISTRY_DATA_ID,Y,1
ASSOCIATED_DX,TREATMENT_PLAN_ID,Y,1
ASSOCIATED_DX,PROBLEM_LIST_ID,Y,5
ASSOCIATED_REFERRALS,PAT_ENC_CSN_ID,Y,1
ASSOCIATED_REFERRALS,ASSOCIATED_REFERRAL_ID,Y,5
ASSOCIATED_RFL_ERR_CODES,PAT_ENC_CSN_ID,Y,1
ASST_SURG_SEC_ID,RECORD_ID,Y,1
ASST_SURG_SEC_ID,ASST_SURG_SEC_ID,Y,4
ATB_AUTH_DIAGNOSES,AUTH_BUNDLE_ID,Y,1
ATB_AUTH_DIAGNOSES,AUTH_DX_REF_ID,Y,3
ATB_AUTH_ENTITIES,AUTH_BUNDLE_ID,Y,1
ATB_AUTH_ENTITIES_ADDRESS,AUTH_BUNDLE_ID,Y,1
ATB_AUTH_ENTITIES_ID_TYPE,AUTH_BUNDLE_ID,Y,1
ATB_AUTH_ENTITIES_ID_VAL,AUTH_BUNDLE_ID,Y,1
ATB_AUTH_ENTITIES_IIT,AUTH_BUNDLE_ID,Y,1
ATB_AUTH_ENTITIES_IIT,ENTITY_IDENT_IIT_TYPE_ID,Y,4
ATB_AUTH_ENTITIES_NUMTYPE,AUTH_BUNDLE_ID,Y,1
ATB_AUTH_ENTITIES_NUM_VAL,AUTH_BUNDLE_ID,Y,1
ATB_AUTH_EVENT_DETAILS,AUTH_BUNDLE_ID,Y,1
ATB_AUTH_GENERAL_DETAILS,AUTH_BUNDLE_ID,Y,1
ATB_AUTH_SERVICES,AUTH_BUNDLE_ID,Y,1
ATB_AUTH_SERVICES,AUTH_SVCS_LIST_AUTH_BUNDLE_ID,Y,3
ATB_AUTH_SERVICE_DETAILS,AUTH_BUNDLE_ID,Y,1
ATB_AUTH_SERVICE_DETAILS,AUTH_REV_CODE_ID,Y,4
ATB_AUTH_SERVICE_DETAILS,AUTH_BED_DAY_TYPE_ID,Y,13
ATB_AUTH_SERVICE_MODS,AUTH_BUNDLE_ID,Y,1
ATB_AUTH_SERVICE_MODS,AUTH_MODIFIER_ID,Y,3
ATB_EDIT,AUTH_BUNDLE_ID,Y,1
ATB_EDIT_ADDR_OVERRIDES,AUTH_BUNDLE_ID,Y,1
ATB_EDIT_ADDR_OVERRIDES,OVR_ADDR_USER_ID,Y,24
ATB_EDIT_CTNUM_OVERRIDES,AUTH_BUNDLE_ID,Y,1
ATB_EDIT_CTNUM_OVERRIDES,OVR_CTNUM_USER_ID,Y,12
ATB_EDIT_ID_OVERRIDES,AUTH_BUNDLE_ID,Y,1
ATB_EDIT_ID_OVERRIDES,OVR_ID_ACT_USER_ID,Y,10
ATB_EDIT_NAME_OVERRIDES,AUTH_BUNDLE_ID,Y,1
ATB_EDIT_NAME_OVERRIDES,OVR_NAME_USER_ID,Y,19
ATB_EDIT_PNTR_OVERRIDES,AUTH_BUNDLE_ID,Y,1
ATB_EDIT_PNTR_OVERRIDES,OVR_PNT_USER_ID,Y,9
ATB_EDIT_SUB_OVERRIDES,AUTH_BUNDLE_ID,Y,1
ATB_EDIT_SUB_OVERRIDES,OVR_SUB_ACT_USER_ID,Y,11
ATB_FEATURE_FLAGS,AUTH_BUNDLE_ID,Y,1
ATB_ROOT,AUTH_BUNDLE_ID,Y,1
ATB_ROOT,PAT_ID,Y,2
ATB_ROOT,REFERRAL_ID,Y,3
ATB_ROOT,COVERAGE_ID,Y,4
ATB_SVCS_LINKING,AUTH_BUNDLE_ID,Y,1
ATB_SVCS_LINKING,SVCS_LINKED_AUTH_ID,Y,2
ATTRIBUTED_PROVIDER,PAT_ID,Y,1
ATTRIBUTED_PROV_GROUP,ATTRIBUTED_GROUP_ID,Y,1
ATTR_PROV_FILE_PERIOD,PAT_ID,Y,1
ATT_PROV_SEC_ID,RECORD_ID,Y,1
ATT_PROV_SEC_ID,ATT_PROV_SEC_ID,Y,4
AUDIOGRAM_DATA_TABLE,FINDING_ID,Y,1
AUDIOGRAM_METADATA,FINDING_ID,Y,1
AUDIOGRAM_TECHNIQUES,FINDING_ID,Y,1
AUDIOGRAM_TRANSDUCERS,FINDING_ID,Y,1
AUDIT_ORD_RXNOADD,ORDER_MED_ID,Y,1
AUDIT_ORD_RXNOADD,AUDIT_EMP_USER_ID,Y,3
AUD_PUMP_PROG,ALERT_ID,Y,1
AUTHORIZATIONS,AUTH_ID,Y,1
AUTHORIZATIONS,PAT_ID,Y,4
AUTHORIZATIONS,REFERRAL_ID,Y,5
AUTHORIZATIONS,CVG_ID,Y,9
AUTHORIZATIONS,INTER_APRV_FREQ_ID,Y,18
AUTHORIZATIONS,INTER_REQ_FREQ_ID,Y,20
AUTHORIZATIONS,PARENT_AUTH_ID,Y,24
AUTHORIZATIONS,NON_UM_AUTH_ID,Y,35
AUTHORIZATIONS,UM_AUTH_REQUEST_ID,Y,36
AUTHORIZATIONS,NON_UM_ORDER_ID,Y,37
AUTHORIZATIONS,ORDER_ENTRY_ORDER_ID,Y,38
AUTHORIZATIONS,UM_FINALIZE_USER_ID,Y,40
AUTHORIZATIONS,UM_MED_DIR_REV_USER_ID,Y,44
AUTHORIZATIONS,FIRST_PAT_ENC_CSN_ID,Y,48
AUTHORIZATIONS,LAST_PAT_ENC_CSN_ID,Y,49
AUTHORIZATIONS,APPEALED_SERVICE_AUTH_ID,Y,50
AUTHORIZATIONS,UM_CVG_GDNC_REALTIME_TX_CSN_ID,Y,53
AUTHORIZATIONS,UM_CVG_GUIDANCE_LOB_ID,Y,62
AUTHORIZATIONS,UM_CVG_GUIDANCE_CREATE_USER_ID,Y,66
AUTHORIZATIONS,AUTH_BED_DAY_TYPE_ID,Y,69
AUTHORIZATIONS,UM_CVG_GUIDANCE_RESP_AGENCY_ID,Y,76
AUTHORIZATIONS,UM_NDC_ID,Y,80
AUTHORIZATIONS_EXT_TRN,AUTH_ID,Y,1
AUTHORIZATION_COMMENT,COVERAGE_ID,Y,1
AUTHORIZATION_TYPE,INVOICE_ID,Y,1
AUTH_AUTH_FULL_REFERRAL,INVOICE_ID,Y,1
AUTH_AUTH_FULL_REFERRAL,AUTH_AUTH_NUM_FULL_REFERRAL_ID,Y,4
AUTH_FULL_REFERRAL,CLAIM_PRINT_ID,Y,1
AUTH_FULL_REFERRAL,AUTH_FULL_REFERRAL_ID,Y,4
AUTH_NUM_SOURCE,INVOICE_ID,Y,1
AUTH_PURPOSE,AUTH_ID,Y,1
AUTH_REF_FULL_REFERRAL,INVOICE_ID,Y,1
AUTH_REF_FULL_REFERRAL,AUTH_REF_NUM_FULL_REFERRAL_ID,Y,4
AUTH_REQUEST,AUTH_REQUEST_ID,Y,1
AUTH_REQUEST,PAT_ID,Y,6
AUTH_REQUEST,REFERRAL_ID,Y,7
AUTH_REQUEST,COVERAGE_ID,Y,8
AUTH_REQUEST,LOB_ID,Y,10
AUTH_REQUEST,ORDER_ENTRY_ORDER_ID,Y,14
AUTH_REQUEST,DECISION_USER_ID,Y,15
AUTH_REQUEST,RESP_PARTY_AGENCY_ID,Y,18
AUTH_REQUEST,APPEALED_AUTH_REQUEST_ID,Y,21
AUTH_REQUEST,PREVIOUS_COVERAGE_ID,Y,25
AUTH_REQUEST,CVG_CHANGE_USER_ID,Y,27
AUTH_REQUEST,REQUESTING_ORGANIZATION_ID,Y,30
AUTH_REQUEST,SPLIT_FROM_AUTH_REQUEST_ID,Y,40
AUTH_REQUEST_EXT_TRN,AUTH_REQUEST_ID,Y,1
AUTH_REQUEST_HX,AUTH_REQUEST_ID,Y,1
AUTH_REQUEST_HX,HISTORY_USER_ID,Y,6
AUTH_REQUEST_HX,MED_DIRECTOR_REVIEW_USER_ID,Y,30
AUTH_REQUEST_HX,ADDL_INFO_REQ_USER_ID,Y,40
AUTH_REQUEST_HX,MED_DIRECTOR_REVIEW_NOTE_ID,Y,42
AUTH_REQUEST_HX,MAN_EXT_DAYS_USER_ID,Y,45
AUTH_REQUEST_HX,RQST_TO_EXPEDITE_COMM_ID,Y,50
AUTH_REQUEST_HX,PRIORITY_UPGRADE_USER_ID,Y,53
AUTH_REQUEST_HX,PRIORITY_DOWNGRADE_USER_ID,Y,57
AUTH_REQUEST_HX_2,AUTH_REQUEST_ID,Y,1
AUTH_REQUEST_HX_COMMS,AUTH_REQUEST_ID,Y,1
AUTH_REQUEST_HX_COMMS,COMM_ID,Y,4
AUTH_REQUEST_HX_DXS,AUTH_REQUEST_ID,Y,1
AUTH_REQUEST_HX_NOTES,AUTH_REQUEST_ID,Y,1
AUTH_REQUEST_HX_NOTES,NOTE_ID,Y,4
AUTH_REQUEST_HX_OWNER,AUTH_REQUEST_ID,Y,1
AUTH_REQUEST_HX_OWNER,OWNER_USER_EMP_USER_ID,Y,4
AUTH_REQUEST_HX_REASONS,AUTH_REQUEST_ID,Y,1
AUTH_REQUEST_REC_STAT_HX,AUTH_REQUEST_ID,Y,1
AUTH_REQUEST_REC_STAT_HX,SDFL_EDIT_USER_ID,Y,4
AUTH_REQ_HX_DECISION_REQT,AUTH_REQUEST_ID,Y,1
AUTH_REQ_HX_NOTIF_METHOD,AUTH_REQUEST_ID,Y,1
AUTH_REQ_HX_NOTIF_OVRIDE,AUTH_REQUEST_ID,Y,1
AUTH_REQ_HX_NOTIF_REQT,AUTH_REQUEST_ID,Y,1
AUTH_REQ_HX_NOTIF_REQT,RELATED_COMM_ID,Y,7
AUTH_REQ_HX_TIMELINESS,AUTH_REQUEST_ID,Y,1
AUTH_RFL_RECORD_SOURCE,INVOICE_ID,Y,1
AUTH_SOURCE_AUTH,INVOICE_ID,Y,1
AUTH_SOURCE_AUTH,AUTH_SOURCE_AUTH_ID,Y,4
AUTH_SOURCE_CLAIM_INFO,INVOICE_ID,Y,1
AUTH_SOURCE_CLAIM_INFO,AUTH_SOURCE_CLAIM_ID,Y,4
AUTH_SOURCE_HSP_ACCT,INVOICE_ID,Y,1
AUTH_SOURCE_HSP_ACCT,AUTH_SOURCE_HSP_ACCOUNT_ID,Y,4
AUTH_SOURCE_REFERRAL,INVOICE_ID,Y,1
AUTH_SOURCE_REFERRAL,AUTH_SOURCE_REFERRAL_ID,Y,4
AUTH_SOURCE_TREAT_PLAN,INVOICE_ID,Y,1
AUTH_SOURCE_TREAT_PLAN,AUTH_SOURCE_TREATMENT_PLAN_ID,Y,4
AUTH_UM_CVG_GUIDANCE_DX,AUTH_ID,Y,1
AUTH_UM_STATUS_HX,AUTH_ID,Y,1
AUTH_UM_STATUS_HX,CHANGED_BY_USER_ID,Y,12
AUTH_UM_STATUS_HX,REV_CODE_ID,Y,16
AUTH_UM_STATUS_HX,INTER_APRV_FREQ_ID,Y,22
AUTH_UM_STATUS_HX,INTER_REQ_FREQ_ID,Y,24
AUTH_UM_STATUS_HX,NDC_ID,Y,32
AUTO_TASK_AUDIT,TASK_ID,Y,1
AUTO_TASK_AUDIT,EVENT_CSN_ID,Y,5
AUTO_WORKFLOW_DETAILS,PAT_ENC_CSN_ID,Y,1
AUTO_WORKFLOW_DETAILS,PAT_ID,Y,3
AUTO_WORKFLOW_DETAILS,CM_CT_OWNER_ID,Y,5
AUT_ONC_EXP_REQCOUNT,AUTH_ID,Y,1
AUT_ONC_EXP_REQCOUNT,COVERAGE_ID,Y,4
AUT_PROC_DETAILS,AUTH_ID,Y,1
AUT_PROC_DETAILS,PROC_COMP_ID,Y,7
AUT_PROC_DETAILS,REV_CODE_ID,Y,9
AUT_PROC_MODS,AUTH_ID,Y,1
AUT_PROC_MODS,PROC_MOD_ID,Y,4
AUT_PROC_MODS_HX,AUTH_ID,Y,1
AUT_PROC_MODS_HX,PROC_MOD_ID,Y,4
AVOIDABLE_DAYS_CMT,REFERRAL_ID,Y,1
AVS_ACK_MED_INFO,PAT_ENC_CSN_ID,Y,1
AVS_ACK_MED_INFO,CM_CT_OWNER_ID,Y,5
AVS_ACK_MED_INFO,AVS_ACK_MED_USER_ID,Y,6
AVS_ESIG_INFO,PAT_ENC_CSN_ID,Y,1
AVS_ESIG_INFO,CM_CT_OWNER_ID,Y,5
AVS_ESIG_INFO,AVS_ESIG_USER_ID,Y,6
AVS_ESIG_INFO,AVS_ESIG_DCS_ID,Y,9
AWM_ORD_MEASUREMENTS,ORDER_ID,Y,1
